--
-- PostgreSQL database dump
--

-- Dumped from database version 9.5.17
-- Dumped by pg_dump version 10.9

SET statement_timeout = 0;
SET lock_timeout = 0;
SET idle_in_transaction_session_timeout = 0;
SET client_encoding = 'UTF8';
SET standard_conforming_strings = on;
SELECT pg_catalog.set_config('search_path', '', false);
SET check_function_bodies = false;
SET xmloption = content;
SET client_min_messages = warning;
SET row_security = off;

--
-- Data for Name: authors; Type: TABLE DATA; Schema: public; Owner: pgw
--

COPY public.authors (id, name, bio, created_at) FROM stdin;
1	Laurence Herman	\N	2019-06-29 18:52:31.037106
2	Gayle Von	\N	2019-06-29 18:52:31.040855
3	Ms. Leonel Becker	\N	2019-06-29 18:52:31.043592
4	Stefan Stiedemann	\N	2019-06-29 18:52:31.046069
5	Mrs. Jamey Towne	\N	2019-06-29 18:52:31.048497
6	Mrs. Yan O'Reilly	\N	2019-06-29 18:52:31.051529
7	Cherryl Upton II	\N	2019-06-29 18:52:31.054354
8	Rebbecca O'Connell	\N	2019-06-29 18:52:31.056966
9	Mr. Carol McLaughlin	\N	2019-06-29 18:52:31.059617
10	Gabriel Simonis	\N	2019-06-29 18:52:31.062232
11	Brandy Bashirian	\N	2019-06-29 18:52:31.093468
12	Annabell Tromp	\N	2019-06-29 18:52:31.096085
13	Simon Lebsack II	\N	2019-06-29 18:52:31.098681
14	Delfina Brekke	\N	2019-06-29 18:52:31.101484
15	Mrs. Ethelyn Ziemann	\N	2019-06-29 18:52:31.104828
16	Allan Rodriguez	\N	2019-06-29 18:52:31.10757
17	Jaime Kertzmann	\N	2019-06-29 18:52:31.110128
18	Ms. Lynwood Price	\N	2019-06-29 18:52:31.112591
19	Kyle Smitham	\N	2019-06-29 18:52:31.159815
20	Hilaria Lind	\N	2019-06-29 18:52:31.162567
21	Trinidad Hickle	\N	2019-06-29 18:52:31.16496
22	Sung Christiansen	\N	2019-06-29 18:52:31.167625
23	Everett O'Keefe	\N	2019-06-29 18:52:31.170126
24	Rickey Langworth	\N	2019-06-29 18:52:31.173162
25	Jamison Emard	\N	2019-06-29 18:52:31.176253
26	Jordan Ruecker	\N	2019-06-29 18:52:31.178898
27	Whitney Donnelly	\N	2019-06-29 18:52:31.23059
28	Elidia Heathcote V	\N	2019-06-29 18:52:31.233599
29	Dodie O'Connell	\N	2019-06-29 18:52:31.236471
30	Aron Leannon	\N	2019-06-29 18:52:31.23943
31	Katheleen Goldner	\N	2019-06-29 18:52:31.242624
32	Signe Smitham	\N	2019-06-29 18:52:31.245888
33	Dr. Jonathon Nader	\N	2019-06-29 18:52:31.314352
34	Dr. Christa Hayes	\N	2019-06-29 18:52:31.317363
35	Ms. Nadia Zboncak	\N	2019-06-29 18:52:31.320462
36	Thaddeus Schimmel	\N	2019-06-29 18:52:31.323258
37	Noah Smith	\N	2019-06-29 18:52:31.326158
38	Harlan Doyle	\N	2019-06-29 18:52:31.329083
39	Dr. Marco Pfannerstill	\N	2019-06-29 18:52:31.368232
40	Vito Stehr	\N	2019-06-29 18:52:31.37108
\.


--
-- Data for Name: books; Type: TABLE DATA; Schema: public; Owner: pgw
--

COPY public.books (id, name, created_at) FROM stdin;
1	Little Hands Clapping	2019-06-29 18:52:08.577175
2	Let Us Now Praise Famous Men	2019-06-29 18:52:08.724016
3	The Waste Land	2019-06-29 18:52:08.740548
4	Dulce et Decorum Est	2019-06-29 18:52:08.864625
5	When the Green Woods Laugh	2019-06-29 18:52:08.996829
6	Cabbages and Kings	2019-06-29 18:52:09.163899
7	Surprised by Joy	2019-06-29 18:52:09.308681
8	Noli Me Tangere	2019-06-29 18:52:09.384298
9	A Confederacy of Dunces	2019-06-29 18:52:09.540104
10	The Violent Bear It Away	2019-06-29 18:52:09.657674
11	The Doors of Perception	2019-06-29 18:52:09.827035
12	No Longer at Ease	2019-06-29 18:52:09.922338
13	Recalled to Life	2019-06-29 18:52:10.048286
14	Of Human Bondage	2019-06-29 18:52:10.207509
15	This Side of Paradise	2019-06-29 18:52:10.214438
16	Carrion Comfort	2019-06-29 18:52:10.280829
17	Shall not Perish	2019-06-29 18:52:10.433994
18	For a Breath I Tarry	2019-06-29 18:52:10.591075
19	Antic Hay	2019-06-29 18:52:10.662068
20	Ring of Bright Water	2019-06-29 18:52:10.727746
21	If Not Now, When?	2019-06-29 18:52:10.790322
22	The Cricket on the Hearth	2019-06-29 18:52:10.793612
23	East of Eden	2019-06-29 18:52:10.920322
24	Far From the Madding Crowd	2019-06-29 18:52:11.002503
25	The House of Mirth	2019-06-29 18:52:11.074495
26	Françoise Sagan	2019-06-29 18:52:11.20721
27	The Green Bay Tree	2019-06-29 18:52:11.272502
28	The Daffodil Sky	2019-06-29 18:52:11.404607
29	This Lime Tree Bower	2019-06-29 18:52:11.557331
30	I Know Why the Caged Bird Sings	2019-06-29 18:52:11.64351
31	Alone on a Wide, Wide Sea	2019-06-29 18:52:11.868348
32	Mr Standfast	2019-06-29 18:52:11.938848
33	Time To Murder And Create	2019-06-29 18:52:11.954323
34	Butter In a Lordly Dish	2019-06-29 18:52:12.076323
35	O Pioneers!	2019-06-29 18:52:12.092246
36	Where Angels Fear to Tread	2019-06-29 18:52:12.142109
37	An Evil Cradling	2019-06-29 18:52:12.20079
38	In Death Ground	2019-06-29 18:52:12.288614
39	The Man Within	2019-06-29 18:52:12.357516
40	The Torment of Others	2019-06-29 18:52:12.40655
41	Consider the Lilies	2019-06-29 18:52:12.47789
42	The Golden Apples of the Sun	2019-06-29 18:52:12.565614
43	Behold the Man	2019-06-29 18:52:12.640501
44	Tiger! Tiger!	2019-06-29 18:52:12.642941
45	A Many-Splendoured Thing	2019-06-29 18:52:12.705866
46	Fame Is the Spur	2019-06-29 18:52:12.79006
47	In a Dry Season	2019-06-29 18:52:12.871521
48	The Glory and the Dream	2019-06-29 18:52:12.944326
49	Time of our Darkness	2019-06-29 18:52:12.989664
50	Jacob Have I Loved	2019-06-29 18:52:12.991955
51	A Glass of Blessings	2019-06-29 18:52:13.056838
52	The Other Side of Silence	2019-06-29 18:52:13.109275
53	Dance Dance Dance	2019-06-29 18:52:13.128156
54	Brandy of the Damned	2019-06-29 18:52:13.177036
55	The Wealth of Nations	2019-06-29 18:52:13.228535
56	A Passage to India	2019-06-29 18:52:13.307708
57	Vile Bodies	2019-06-29 18:52:13.325645
58	Gone with the Wind	2019-06-29 18:52:13.369254
59	Nectar in a Sieve	2019-06-29 18:52:13.387936
60	Look to Windward	2019-06-29 18:52:13.446361
61	Quo Vadis	2019-06-29 18:52:13.520144
62	The Way of All Flesh	2019-06-29 18:52:13.600903
63	The Way Through the Woods	2019-06-29 18:52:13.623405
64	The Golden Bowl	2019-06-29 18:52:13.684019
65	The Parliament of Man	2019-06-29 18:52:13.918887
66	His Dark Materials	2019-06-29 18:52:14.176063
67	Tirra Lirra by the River	2019-06-29 18:52:14.240978
68	All the King's Men	2019-06-29 18:52:14.265019
69	The Line of Beauty	2019-06-29 18:52:14.325396
70	No Country for Old Men	2019-06-29 18:52:14.45487
71	Waiting for the Barbarians	2019-06-29 18:52:14.469706
72	To Say Nothing of the Dog	2019-06-29 18:52:14.590335
73	Mother Night	2019-06-29 18:52:14.600517
74	Beneath the Bleeding	2019-06-29 18:52:14.640849
75	Terrible Swift Sword	2019-06-29 18:52:14.669157
76	A Monstrous Regiment of Women	2019-06-29 18:52:14.785108
77	Ah, Wilderness!	2019-06-29 18:52:14.967672
78	The Soldier's Art	2019-06-29 18:52:15.034888
79	Of Mice and Men	2019-06-29 18:52:15.109313
80	The Curious Incident of the Dog in the Night-Time	2019-06-29 18:52:15.258551
81	I Sing the Body Electric	2019-06-29 18:52:15.276662
82	Death Be Not Proud	2019-06-29 18:52:15.378134
83	It's a Battlefield	2019-06-29 18:52:15.502205
84	The Sun Also Rises	2019-06-29 18:52:15.589838
85	The Grapes of Wrath	2019-06-29 18:52:15.647434
86	A Darkling Plain	2019-06-29 18:52:15.733769
87	Consider Phlebas	2019-06-29 18:52:15.879514
88	Blue Remembered Earth	2019-06-29 18:52:15.938787
89	Eyeless in Gaza	2019-06-29 18:52:16.025004
90	Down to a Sunless Sea	2019-06-29 18:52:16.122382
91	The World, the Flesh and the Devil	2019-06-29 18:52:16.16583
92	The Little Foxes	2019-06-29 18:52:16.182655
93	To a God Unknown	2019-06-29 18:52:16.351644
94	Have His Carcase	2019-06-29 18:52:16.43553
95	If I Forget Thee Jerusalem	2019-06-29 18:52:16.48879
96	The Last Temptation	2019-06-29 18:52:16.555672
97	Vanity Fair	2019-06-29 18:52:16.574046
98	The Moving Finger	2019-06-29 18:52:16.733448
99	A Summer Bird-Cage	2019-06-29 18:52:16.806667
100	Endless Night	2019-06-29 18:52:16.881861
\.


--
-- Data for Name: authors_books; Type: TABLE DATA; Schema: public; Owner: pgw
--

COPY public.authors_books (id, book_id, author_id, "position", created_at) FROM stdin;
2	95	9	1	2019-06-29 18:52:54.339548
3	95	21	2	2019-06-29 18:52:54.348259
4	95	34	3	2019-06-29 18:52:54.356848
8	85	14	1	2019-06-29 18:52:54.513048
13	69	25	1	2019-06-29 18:52:54.595418
14	69	7	2	2019-06-29 18:52:54.652111
16	1	3	1	2019-06-29 18:52:54.66646
17	1	6	2	2019-06-29 18:52:54.718634
19	49	40	1	2019-06-29 18:52:54.737033
20	49	23	2	2019-06-29 18:52:54.813774
21	49	6	3	2019-06-29 18:52:54.820826
23	42	12	1	2019-06-29 18:52:54.903449
24	42	25	2	2019-06-29 18:52:54.960237
25	42	36	3	2019-06-29 18:52:54.967524
27	11	4	1	2019-06-29 18:52:55.040889
28	11	17	2	2019-06-29 18:52:55.047665
31	53	33	1	2019-06-29 18:52:55.120682
35	89	34	1	2019-06-29 18:52:55.261212
36	89	22	2	2019-06-29 18:52:55.268845
37	89	31	3	2019-06-29 18:52:55.322928
41	66	30	1	2019-06-29 18:52:55.464698
49	98	15	1	2019-06-29 18:52:55.697814
53	47	18	1	2019-06-29 18:52:55.820772
54	47	35	2	2019-06-29 18:52:55.829986
55	47	25	3	2019-06-29 18:52:55.886974
64	22	39	1	2019-06-29 18:52:56.175162
65	22	9	2	2019-06-29 18:52:56.181381
66	22	15	3	2019-06-29 18:52:56.188212
80	40	20	1	2019-06-29 18:52:56.566533
81	40	26	2	2019-06-29 18:52:56.573691
82	40	32	3	2019-06-29 18:52:56.62959
87	26	40	1	2019-06-29 18:52:56.830568
88	26	2	2	2019-06-29 18:52:56.838126
95	4	6	1	2019-06-29 18:52:56.921768
96	4	25	2	2019-06-29 18:52:56.967711
98	65	14	1	2019-06-29 18:52:56.981907
99	65	35	2	2019-06-29 18:52:56.98814
100	65	26	3	2019-06-29 18:52:57.03421
102	41	12	1	2019-06-29 18:52:57.050271
103	41	34	2	2019-06-29 18:52:57.057796
114	100	35	1	2019-06-29 18:52:57.337281
115	100	18	2	2019-06-29 18:52:57.344178
117	6	37	1	2019-06-29 18:52:57.418665
118	6	7	2	2019-06-29 18:52:57.426478
119	6	35	3	2019-06-29 18:52:57.479306
121	46	4	1	2019-06-29 18:52:57.536489
124	44	7	1	2019-06-29 18:52:57.555132
125	44	31	2	2019-06-29 18:52:57.606467
126	44	23	3	2019-06-29 18:52:57.611962
129	76	31	1	2019-06-29 18:53:28.972336
130	76	35	2	2019-06-29 18:53:28.980133
131	76	24	3	2019-06-29 18:53:29.039245
134	85	39	2	2019-06-29 18:53:29.108421
135	85	6	3	2019-06-29 18:53:29.170208
137	62	6	1	2019-06-29 18:53:29.253259
138	62	12	2	2019-06-29 18:53:29.259774
146	11	35	3	2019-06-29 18:53:29.573333
149	29	40	1	2019-06-29 18:53:29.686446
150	29	14	2	2019-06-29 18:53:29.693547
151	29	20	3	2019-06-29 18:53:29.699544
153	71	16	1	2019-06-29 18:53:29.751117
158	66	16	2	2019-06-29 18:53:29.928925
159	66	21	3	2019-06-29 18:53:29.975672
163	64	12	1	2019-06-29 18:53:30.046286
174	30	15	1	2019-06-29 18:53:30.312989
185	75	40	1	2019-06-29 18:53:30.635769
186	75	33	2	2019-06-29 18:53:30.642026
187	75	9	3	2019-06-29 18:53:30.687819
192	90	37	1	2019-06-29 18:53:30.770131
193	90	27	2	2019-06-29 18:53:30.77762
195	43	23	1	2019-06-29 18:53:30.845215
196	43	25	2	2019-06-29 18:53:30.892267
198	9	39	1	2019-06-29 18:53:30.905837
200	88	16	1	2019-06-29 18:53:30.972929
201	88	40	2	2019-06-29 18:53:31.026523
204	78	35	1	2019-06-29 18:53:31.245841
205	78	4	2	2019-06-29 18:53:31.252923
207	20	23	1	2019-06-29 18:53:31.322827
208	20	6	2	2019-06-29 18:53:31.329752
209	20	2	3	2019-06-29 18:53:31.380132
212	81	13	1	2019-06-29 18:53:31.458004
213	81	36	2	2019-06-29 18:53:31.533092
216	58	13	1	2019-06-29 18:53:31.616473
217	58	15	2	2019-06-29 18:53:31.624794
221	41	24	3	2019-06-29 18:53:31.847779
227	23	22	1	2019-06-29 18:53:32.012349
228	23	23	2	2019-06-29 18:53:32.019502
229	23	27	3	2019-06-29 18:53:32.087174
232	48	21	1	2019-06-29 18:53:32.10694
233	48	15	2	2019-06-29 18:53:32.16059
240	63	23	1	2019-06-29 18:53:32.373266
\.


--
-- Data for Name: editions; Type: TABLE DATA; Schema: public; Owner: pgw
--

COPY public.editions (id, book_id, created_at, current, name) FROM stdin;
1	1	2019-06-29 18:52:08.676694	f	Palgrave Macmillan
2	1	2019-06-29 18:52:08.681334	f	Ziff Davis Media
3	1	2019-06-29 18:52:08.685878	f	Bellevue Literary Press
4	1	2019-06-29 18:52:08.715307	f	Black Dog Publishing
5	1	2019-06-29 18:52:08.720285	f	Bella Books
6	2	2019-06-29 18:52:08.729169	f	Newnes
7	2	2019-06-29 18:52:08.733661	f	Packt Publishing
8	2	2019-06-29 18:52:08.73783	f	St. Martin's Press
9	4	2019-06-29 18:52:08.937466	f	UCL Press
10	4	2019-06-29 18:52:08.941775	f	Broadview Press
11	4	2019-06-29 18:52:08.993882	f	Da Capo Press
12	5	2019-06-29 18:52:09.092352	f	J. M. Dent
13	5	2019-06-29 18:52:09.096952	f	Brimstone Press
14	5	2019-06-29 18:52:09.157377	f	David & Charles
15	5	2019-06-29 18:52:09.161317	f	Ziff Davis Media
16	6	2019-06-29 18:52:09.248126	f	Happy House
17	6	2019-06-29 18:52:09.25279	f	Brill Publishers
18	6	2019-06-29 18:52:09.257187	f	Emerald Group Publishing
19	6	2019-06-29 18:52:09.261626	f	Open University Press
20	8	2019-06-29 18:52:09.528608	f	Sidgwick & Jackson
21	8	2019-06-29 18:52:09.53281	f	Reed Elsevier
22	8	2019-06-29 18:52:09.537235	f	Canongate Books
23	9	2019-06-29 18:52:09.593417	f	Virago Press
24	9	2019-06-29 18:52:09.597552	f	Koren Publishers Jerusalem
25	9	2019-06-29 18:52:09.602061	f	Nonesuch Press
26	9	2019-06-29 18:52:09.606415	f	BBC Books
27	9	2019-06-29 18:52:09.610796	f	Harper & Brothers
28	10	2019-06-29 18:52:09.735561	f	Chatto and Windus
29	10	2019-06-29 18:52:09.741303	f	Eel Pie Publishing
30	10	2019-06-29 18:52:09.748559	f	Chambers Harrap
31	10	2019-06-29 18:52:09.821132	f	Farrar, Straus & Giroux
32	10	2019-06-29 18:52:09.824704	f	Golden Cockerel Press
33	11	2019-06-29 18:52:09.911292	f	Macmillan Publishers
34	11	2019-06-29 18:52:09.915032	f	Orchard Books
35	11	2019-06-29 18:52:09.919329	f	Mascot Books
36	12	2019-06-29 18:52:09.988651	f	Ellora's Cave
37	12	2019-06-29 18:52:09.992971	f	Pen and Sword Books
38	12	2019-06-29 18:52:10.041373	f	Bowes & Bowes
39	12	2019-06-29 18:52:10.045688	f	NavPress
40	14	2019-06-29 18:52:10.211921	f	Koren Publishers Jerusalem
41	16	2019-06-29 18:52:10.360644	f	Karadi Tales
42	16	2019-06-29 18:52:10.365417	f	Candlewick Press
43	16	2019-06-29 18:52:10.43082	f	David & Charles
44	17	2019-06-29 18:52:10.527832	f	Sidgwick & Jackson
45	17	2019-06-29 18:52:10.57557	f	George H. Doran Company
46	17	2019-06-29 18:52:10.5796	f	Tate Publishing & Enterprises
47	17	2019-06-29 18:52:10.583765	f	Boydell & Brewer
48	17	2019-06-29 18:52:10.588216	f	University of Michigan Press
49	18	2019-06-29 18:52:10.641455	f	Verso Books
50	18	2019-06-29 18:52:10.645623	f	Hachette Book Group USA
51	18	2019-06-29 18:52:10.649739	f	Library of America
52	18	2019-06-29 18:52:10.654824	f	Allen Ltd
53	18	2019-06-29 18:52:10.659161	f	New Village Press
54	19	2019-06-29 18:52:10.714643	f	Hogarth Press
55	19	2019-06-29 18:52:10.719668	f	Apress
56	19	2019-06-29 18:52:10.724956	f	Seagull Books
57	20	2019-06-29 18:52:10.777366	f	Heyday Books
58	20	2019-06-29 18:52:10.781748	f	University of California Press
59	20	2019-06-29 18:52:10.786564	f	Mascot Books
60	22	2019-06-29 18:52:10.872242	f	Butterworth-Heinemann
61	22	2019-06-29 18:52:10.876976	f	Ace Books
62	22	2019-06-29 18:52:10.917771	f	Bantam Books
63	23	2019-06-29 18:52:10.989882	f	Hodder & Stoughton
64	23	2019-06-29 18:52:10.99438	f	Harvest House
65	23	2019-06-29 18:52:10.998887	f	Hackett Publishing Company
66	24	2019-06-29 18:52:11.070949	f	Borgo Press
67	25	2019-06-29 18:52:11.198985	f	Anvil Press Poetry
68	25	2019-06-29 18:52:11.204157	f	Gefen Publishing House
69	26	2019-06-29 18:52:11.212184	f	New Village Press
70	26	2019-06-29 18:52:11.257057	f	Open University Press
71	26	2019-06-29 18:52:11.26098	f	Gay Men's Press
72	26	2019-06-29 18:52:11.264739	f	Carlton Books
73	26	2019-06-29 18:52:11.269325	f	McClelland and Stewart
74	28	2019-06-29 18:52:11.492426	f	Hawthorne Books
75	28	2019-06-29 18:52:11.496642	f	Hay House
76	28	2019-06-29 18:52:11.501165	f	Vintage Books at Random House
77	28	2019-06-29 18:52:11.505967	f	Library of America
78	28	2019-06-29 18:52:11.510324	f	Addison-Wesley
79	29	2019-06-29 18:52:11.577288	f	Ellora's Cave
80	29	2019-06-29 18:52:11.626518	f	New English Library
81	29	2019-06-29 18:52:11.630477	f	Cengage Learning
82	29	2019-06-29 18:52:11.63483	f	Parachute Publishing
83	29	2019-06-29 18:52:11.640253	f	Mascot Books
84	30	2019-06-29 18:52:11.813272	f	Taylor & Francis
85	30	2019-06-29 18:52:11.817671	f	Lethe Press
86	30	2019-06-29 18:52:11.822019	f	Papadakis Publisher
87	30	2019-06-29 18:52:11.861492	f	ECW Press
88	30	2019-06-29 18:52:11.865396	f	Unfinished Monument Press
89	31	2019-06-29 18:52:11.930535	f	Indiana University Press
90	31	2019-06-29 18:52:11.935037	f	McFarland & Company
91	32	2019-06-29 18:52:11.951408	f	Bloomsbury Publishing Plc
92	33	2019-06-29 18:52:12.023493	f	Left Book Club
93	33	2019-06-29 18:52:12.028508	f	Paulist Press
94	34	2019-06-29 18:52:12.088837	f	Atlas Press
95	35	2019-06-29 18:52:12.139728	f	University of California Press
96	36	2019-06-29 18:52:12.152469	f	Victor Gollancz Ltd
97	36	2019-06-29 18:52:12.156305	f	Del Rey Books
98	36	2019-06-29 18:52:12.159805	f	Andrews McMeel Publishing
99	37	2019-06-29 18:52:12.221241	f	Ziff Davis Media
100	37	2019-06-29 18:52:12.225272	f	Adis International
101	37	2019-06-29 18:52:12.277394	f	Berkley Books
102	37	2019-06-29 18:52:12.281135	f	Harvard University Press
103	37	2019-06-29 18:52:12.285526	f	Charles Scribner's Sons
104	40	2019-06-29 18:52:12.424058	f	Godwit Press
105	40	2019-06-29 18:52:12.474569	f	Verso Books
106	41	2019-06-29 18:52:12.490477	f	Ziff Davis Media
107	41	2019-06-29 18:52:12.494895	f	Fairview Press
108	42	2019-06-29 18:52:12.570538	f	Hodder & Stoughton
109	42	2019-06-29 18:52:12.575059	f	Faber and Faber
110	42	2019-06-29 18:52:12.633483	f	Imperial War Museum
111	42	2019-06-29 18:52:12.637795	f	Lethe Press
112	44	2019-06-29 18:52:12.655321	f	Sidgwick & Jackson
113	44	2019-06-29 18:52:12.659442	f	Manor House Publishing
114	44	2019-06-29 18:52:12.699625	f	Cisco Press
115	44	2019-06-29 18:52:12.703447	f	Peace Hill Press
116	45	2019-06-29 18:52:12.722401	f	Butterworth-Heinemann
117	45	2019-06-29 18:52:12.726933	f	Farrar, Straus & Giroux
118	45	2019-06-29 18:52:12.776247	f	Emerald Group Publishing
119	45	2019-06-29 18:52:12.780723	f	Earthscan
120	45	2019-06-29 18:52:12.78632	f	G-Unit Books
121	46	2019-06-29 18:52:12.86025	f	Parachute Publishing
122	46	2019-06-29 18:52:12.864349	f	Penguin Books
123	46	2019-06-29 18:52:12.868702	f	Scholastic Press
124	47	2019-06-29 18:52:12.937764	f	Emerald Group Publishing
125	47	2019-06-29 18:52:12.941692	f	Orion Books
126	48	2019-06-29 18:52:12.987178	f	Focal Press
127	50	2019-06-29 18:52:13.048176	f	Tarpaulin Sky Press
128	50	2019-06-29 18:52:13.053953	f	Carnegie Mellon University Press
129	52	2019-06-29 18:52:13.120322	f	Belknap Press
130	52	2019-06-29 18:52:13.125316	f	E. P. Dutton
131	54	2019-06-29 18:52:13.187585	f	Newnes
132	54	2019-06-29 18:52:13.19175	f	Jarrolds Publishing
133	54	2019-06-29 18:52:13.195855	f	Nonesuch Press
134	55	2019-06-29 18:52:13.25726	f	Sidgwick & Jackson
135	55	2019-06-29 18:52:13.261043	f	Left Book Club
136	55	2019-06-29 18:52:13.299974	f	Simon & Schuster
137	55	2019-06-29 18:52:13.304693	f	Orion Books
138	56	2019-06-29 18:52:13.321013	f	J. M. Dent
139	57	2019-06-29 18:52:13.330016	f	University of Minnesota Press
140	57	2019-06-29 18:52:13.366657	f	Horizon Scientific Press
141	58	2019-06-29 18:52:13.385028	f	Shire Books
142	59	2019-06-29 18:52:13.399258	f	George H. Doran Company
143	59	2019-06-29 18:52:13.429987	f	Hawthorne Books
144	59	2019-06-29 18:52:13.434488	f	Daedalus Publishing
145	59	2019-06-29 18:52:13.439276	f	Tarpaulin Sky Press
146	59	2019-06-29 18:52:13.443563	f	Emerald Group Publishing
147	60	2019-06-29 18:52:13.505811	f	BBC Books
148	60	2019-06-29 18:52:13.509361	f	Jaico Publishing House
149	60	2019-06-29 18:52:13.516935	f	Harvard University Press
150	61	2019-06-29 18:52:13.597856	f	Holt McDougal
151	62	2019-06-29 18:52:13.611611	f	Nauka
152	62	2019-06-29 18:52:13.61577	f	G. P. Putnam's Sons
153	62	2019-06-29 18:52:13.62061	f	Shoemaker & Hoard Publishers
154	63	2019-06-29 18:52:13.663426	f	Naiad Press
155	63	2019-06-29 18:52:13.667797	f	Zed Books
156	63	2019-06-29 18:52:13.672656	f	New Village Press
157	63	2019-06-29 18:52:13.676826	f	Breslov Research Institute
158	63	2019-06-29 18:52:13.68108	f	University of Chicago Press
159	64	2019-06-29 18:52:13.75654	f	Barrie & Jenkins
160	64	2019-06-29 18:52:13.915997	f	Virgin Publishing
161	65	2019-06-29 18:52:13.94067	f	Lethe Press
162	65	2019-06-29 18:52:13.944796	f	HarperPrism
163	65	2019-06-29 18:52:14.123764	f	Ignatius Press
164	65	2019-06-29 18:52:14.128239	f	Harper & Brothers
165	65	2019-06-29 18:52:14.173096	f	Shire Books
166	66	2019-06-29 18:52:14.196303	f	Andrews McMeel Publishing
167	66	2019-06-29 18:52:14.200813	f	NavPress
168	66	2019-06-29 18:52:14.238107	f	McFarland & Company
169	67	2019-06-29 18:52:14.245361	f	New Village Press
170	67	2019-06-29 18:52:14.25686	f	Marshall Pickering
171	67	2019-06-29 18:52:14.261923	f	Newnes
172	68	2019-06-29 18:52:14.270037	f	Vintage Books at Random House
173	68	2019-06-29 18:52:14.312141	f	George H. Doran Company
174	68	2019-06-29 18:52:14.317048	f	Da Capo Press
175	68	2019-06-29 18:52:14.322105	f	Ace Books
176	69	2019-06-29 18:52:14.402742	f	Happy House
177	69	2019-06-29 18:52:14.443142	f	Sams Publishing
178	69	2019-06-29 18:52:14.447206	f	Golden Cockerel Press
179	69	2019-06-29 18:52:14.451439	f	Paulist Press
180	70	2019-06-29 18:52:14.467118	f	G. P. Putnam's Sons
181	71	2019-06-29 18:52:14.582104	f	Casemate Publishers
182	71	2019-06-29 18:52:14.586953	f	Black Sparrow Books
183	73	2019-06-29 18:52:14.637374	f	Golden Cockerel Press
184	74	2019-06-29 18:52:14.657261	f	David & Charles
185	74	2019-06-29 18:52:14.661983	f	Taunton Press
186	74	2019-06-29 18:52:14.66639	f	Simon & Schuster
187	76	2019-06-29 18:52:14.906439	f	Marshall Cavendish
188	76	2019-06-29 18:52:14.91153	f	Library of America
189	76	2019-06-29 18:52:14.954861	f	University of Chicago Press
190	76	2019-06-29 18:52:14.959181	f	Open University Press
191	76	2019-06-29 18:52:14.963821	f	Simon & Schuster
192	77	2019-06-29 18:52:15.0199	f	Flame Tree Publishing
193	77	2019-06-29 18:52:15.023899	f	Berkley Books
194	77	2019-06-29 18:52:15.028088	f	Marshall Pickering
195	77	2019-06-29 18:52:15.031952	f	Anvil Press Poetry
196	78	2019-06-29 18:52:15.095255	f	Horizon Scientific Press
197	78	2019-06-29 18:52:15.099254	f	E. P. Dutton
198	78	2019-06-29 18:52:15.104641	f	T & T Clark
199	79	2019-06-29 18:52:15.195607	f	Kensington Books
200	79	2019-06-29 18:52:15.252647	f	HMSO
201	79	2019-06-29 18:52:15.256235	f	Atlantic Books
202	80	2019-06-29 18:52:15.268846	f	Fearless Books
203	80	2019-06-29 18:52:15.27337	f	Mandrake of Oxford
204	81	2019-06-29 18:52:15.37134	f	Chronicle Books
205	81	2019-06-29 18:52:15.375496	f	Burns & Oates
206	82	2019-06-29 18:52:15.455373	f	Mainstream Publishing
207	82	2019-06-29 18:52:15.460278	f	Liberty Fund
208	82	2019-06-29 18:52:15.499332	f	Etruscan Press
209	83	2019-06-29 18:52:15.573092	f	Dalkey Archive Press
210	83	2019-06-29 18:52:15.577772	f	Bantam Spectra
211	83	2019-06-29 18:52:15.58223	f	Black Sparrow Books
212	83	2019-06-29 18:52:15.586775	f	Godwit Press
213	85	2019-06-29 18:52:15.730924	f	O'Reilly Media
214	86	2019-06-29 18:52:15.823411	f	Bella Books
215	86	2019-06-29 18:52:15.828785	f	Atheneum Publishers
216	86	2019-06-29 18:52:15.869251	f	New Village Press
217	86	2019-06-29 18:52:15.873156	f	Zed Books
218	86	2019-06-29 18:52:15.87706	f	Central European University Press
219	87	2019-06-29 18:52:15.883631	f	University of Michigan Press
220	87	2019-06-29 18:52:15.889629	f	T & T Clark
221	87	2019-06-29 18:52:15.895252	f	BBC Books
222	87	2019-06-29 18:52:15.936176	f	Virgin Publishing
223	88	2019-06-29 18:52:16.022027	f	Pathfinder Press
224	89	2019-06-29 18:52:16.069114	f	Atheneum Books
225	89	2019-06-29 18:52:16.074948	f	Basic Books
226	89	2019-06-29 18:52:16.082617	f	Farrar, Straus & Giroux
227	89	2019-06-29 18:52:16.118744	f	Manchester University Press
228	90	2019-06-29 18:52:16.127488	f	Etruscan Press
229	91	2019-06-29 18:52:16.179145	f	Gaspereau Press
230	92	2019-06-29 18:52:16.202868	f	Blackwell Publishing
231	92	2019-06-29 18:52:16.334205	f	Shoemaker & Hoard Publishers
232	92	2019-06-29 18:52:16.340094	f	University of Alaska Press
233	92	2019-06-29 18:52:16.346679	f	Burns & Oates
234	93	2019-06-29 18:52:16.419373	f	Ignatius Press
235	93	2019-06-29 18:52:16.423969	f	Matthias Media
236	93	2019-06-29 18:52:16.428098	f	Berg Publishers
237	93	2019-06-29 18:52:16.432354	f	Hodder Headline
238	94	2019-06-29 18:52:16.48602	f	Manning Publications
239	95	2019-06-29 18:52:16.492815	f	University of Minnesota Press
240	95	2019-06-29 18:52:16.496584	f	Flame Tree Publishing
241	95	2019-06-29 18:52:16.500636	f	Pavilion Books
242	95	2019-06-29 18:52:16.505225	f	Eel Pie Publishing
243	95	2019-06-29 18:52:16.509552	f	Target Books
244	96	2019-06-29 18:52:16.566181	f	Harvest House
245	96	2019-06-29 18:52:16.571022	f	J. M. Dent
246	97	2019-06-29 18:52:16.72675	f	NavPress
247	97	2019-06-29 18:52:16.730744	f	New Directions Publishing
248	98	2019-06-29 18:52:16.789847	f	Random House
249	98	2019-06-29 18:52:16.794413	f	Charles Scribner's Sons
250	98	2019-06-29 18:52:16.798258	f	Karadi Tales
251	98	2019-06-29 18:52:16.803116	f	Gaspereau Press
252	99	2019-06-29 18:52:16.86719	f	Addison-Wesley
253	99	2019-06-29 18:52:16.872862	f	Darakwon Press
254	99	2019-06-29 18:52:16.878882	f	J. M. Dent
255	100	2019-06-29 18:52:16.939223	f	Ian Allan Publishing
256	100	2019-06-29 18:52:16.943245	f	Booktrope
257	100	2019-06-29 18:52:16.946908	f	Book League of America
258	100	2019-06-29 18:52:16.950896	f	Bantam Spectra
259	100	2019-06-29 18:52:16.955832	f	Athabasca University Press
\.


--
-- Data for Name: authors_editions; Type: TABLE DATA; Schema: public; Owner: pgw
--

COPY public.authors_editions (id, edition_id, author_id, "position", created_at) FROM stdin;
1	253	27	1	2019-06-29 19:01:20.439394
2	139	24	1	2019-06-29 19:01:20.445424
3	66	35	1	2019-06-29 19:01:20.45279
4	123	7	1	2019-06-29 19:01:20.458253
5	123	27	2	2019-06-29 19:01:20.497991
6	169	7	1	2019-06-29 19:01:20.502993
7	169	27	2	2019-06-29 19:01:20.507355
8	7	26	1	2019-06-29 19:01:20.512411
9	7	35	2	2019-06-29 19:01:20.517939
10	180	40	1	2019-06-29 19:01:20.52293
11	144	32	1	2019-06-29 19:01:20.570775
12	116	24	1	2019-06-29 19:01:20.576332
13	18	35	1	2019-06-29 19:01:20.585667
14	156	7	1	2019-06-29 19:01:20.591928
15	156	4	2	2019-06-29 19:01:20.597692
16	146	32	1	2019-06-29 19:01:20.644921
17	146	27	2	2019-06-29 19:01:20.650798
18	125	27	1	2019-06-29 19:01:20.658038
19	89	13	1	2019-06-29 19:01:20.663746
20	46	4	1	2019-06-29 19:01:20.72461
21	34	32	1	2019-06-29 19:01:20.729991
22	128	24	1	2019-06-29 19:01:20.735134
23	128	40	2	2019-06-29 19:01:20.78195
24	177	26	1	2019-06-29 19:01:20.78751
25	61	4	1	2019-06-29 19:01:20.792551
26	3	32	1	2019-06-29 19:01:20.841225
27	3	40	2	2019-06-29 19:01:20.847426
28	148	29	1	2019-06-29 19:01:33.908418
29	87	10	1	2019-06-29 19:01:33.914882
30	259	25	1	2019-06-29 19:01:33.921081
31	81	23	1	2019-06-29 19:01:33.977254
32	255	34	1	2019-06-29 19:01:33.98289
33	255	31	2	2019-06-29 19:01:33.989047
34	112	39	1	2019-06-29 19:01:34.038713
35	111	6	1	2019-06-29 19:01:34.044106
36	111	3	2	2019-06-29 19:01:34.049274
37	130	23	1	2019-06-29 19:01:34.054692
38	130	9	2	2019-06-29 19:01:34.100535
39	86	17	1	2019-06-29 19:01:34.105285
40	51	11	1	2019-06-29 19:01:34.110964
41	25	17	1	2019-06-29 19:01:34.116466
42	224	33	1	2019-06-29 19:01:34.12128
43	159	12	1	2019-06-29 19:01:34.170315
44	59	12	1	2019-06-29 19:01:34.175039
45	234	2	1	2019-06-29 19:01:34.181682
46	234	39	2	2019-06-29 19:01:34.187342
47	104	37	1	2019-06-29 19:01:34.240086
48	102	23	1	2019-06-29 19:01:34.245995
49	20	23	1	2019-06-29 19:01:34.252317
50	219	17	1	2019-06-29 19:01:34.301682
51	129	12	1	2019-06-29 19:01:34.307429
52	129	23	2	2019-06-29 19:01:34.313767
\.


--
-- Data for Name: genres; Type: TABLE DATA; Schema: public; Owner: pgw
--

COPY public.genres (id, name, created_at) FROM stdin;
1	Biography/Autobiography	2019-06-29 18:52:08.624979
2	Tall tale	2019-06-29 18:52:08.641807
3	Speech	2019-06-29 18:52:08.648734
4	Science fiction	2019-06-29 18:52:08.653762
5	Tall tale	2019-06-29 18:52:08.792462
6	Historical fiction	2019-06-29 18:52:08.799041
7	Realistic fiction	2019-06-29 18:52:08.80642
8	Metafiction	2019-06-29 18:52:08.814436
9	Western	2019-06-29 18:52:08.870018
10	Fable	2019-06-29 18:52:08.876607
11	Comic/Graphic Novel	2019-06-29 18:52:08.924553
12	Biography/Autobiography	2019-06-29 18:52:08.930485
13	Short story	2019-06-29 18:52:09.002093
14	Mystery	2019-06-29 18:52:09.010005
15	Legend	2019-06-29 18:52:09.071902
16	Fanfiction	2019-06-29 18:52:09.078649
17	Biography/Autobiography	2019-06-29 18:52:09.084397
18	Short story	2019-06-29 18:52:09.168867
19	Comic/Graphic Novel	2019-06-29 18:52:09.178745
20	Folklore	2019-06-29 18:52:09.313557
21	Fairy tale	2019-06-29 18:52:09.325821
22	Metafiction	2019-06-29 18:52:09.339349
23	Mythopoeia	2019-06-29 18:52:09.379657
24	Textbook	2019-06-29 18:52:09.390019
25	Fiction in verse	2019-06-29 18:52:09.447127
26	Reference book	2019-06-29 18:52:09.454654
27	Western	2019-06-29 18:52:09.463922
28	Horror	2019-06-29 18:52:09.522617
29	Mythology	2019-06-29 18:52:09.545362
30	Fanfiction	2019-06-29 18:52:09.662833
31	Comic/Graphic Novel	2019-06-29 18:52:09.669878
32	Fiction narrative	2019-06-29 18:52:09.676831
33	Historical fiction	2019-06-29 18:52:09.728931
34	Fanfiction	2019-06-29 18:52:09.831189
35	Tall tale	2019-06-29 18:52:09.837381
36	Essay	2019-06-29 18:52:09.843829
37	Fantasy	2019-06-29 18:52:09.90539
38	Classic	2019-06-29 18:52:09.92744
39	Speech	2019-06-29 18:52:09.974346
40	Mythology	2019-06-29 18:52:09.981274
41	Fanfiction	2019-06-29 18:52:10.053951
42	Metafiction	2019-06-29 18:52:10.061437
43	Western	2019-06-29 18:52:10.11935
44	Short story	2019-06-29 18:52:10.125808
45	Folklore	2019-06-29 18:52:10.203324
46	Short story	2019-06-29 18:52:10.219574
47	Fairy tale	2019-06-29 18:52:10.226904
48	Folklore	2019-06-29 18:52:10.269806
49	Narrative nonfiction	2019-06-29 18:52:10.275916
50	Short story	2019-06-29 18:52:10.286446
51	Essay	2019-06-29 18:52:10.293466
52	Science fiction	2019-06-29 18:52:10.346471
53	Crime/Detective	2019-06-29 18:52:10.35332
54	Fanfiction	2019-06-29 18:52:10.44007
55	Suspense/Thriller	2019-06-29 18:52:10.501601
56	Historical fiction	2019-06-29 18:52:10.507288
57	Legend	2019-06-29 18:52:10.513048
58	Realistic fiction	2019-06-29 18:52:10.519187
59	Legend	2019-06-29 18:52:10.603743
60	Fiction narrative	2019-06-29 18:52:10.708688
61	Textbook	2019-06-29 18:52:10.798923
62	Classic	2019-06-29 18:52:10.859482
63	Mystery	2019-06-29 18:52:10.865179
64	Fiction narrative	2019-06-29 18:52:10.924425
65	Short story	2019-06-29 18:52:10.930042
66	Horror	2019-06-29 18:52:10.936831
67	Realistic fiction	2019-06-29 18:52:10.943552
68	Fiction narrative	2019-06-29 18:52:11.00856
69	Science fiction	2019-06-29 18:52:11.063724
70	Reference book	2019-06-29 18:52:11.080448
71	Comic/Graphic Novel	2019-06-29 18:52:11.133222
72	Metafiction	2019-06-29 18:52:11.139582
73	Short story	2019-06-29 18:52:11.192814
74	Science fiction	2019-06-29 18:52:11.277466
75	Metafiction	2019-06-29 18:52:11.330205
76	Western	2019-06-29 18:52:11.33704
77	Fantasy	2019-06-29 18:52:11.345184
78	Fiction in verse	2019-06-29 18:52:11.398631
79	Short story	2019-06-29 18:52:11.409878
80	Suspense/Thriller	2019-06-29 18:52:11.452814
81	Mystery	2019-06-29 18:52:11.458925
82	Mystery	2019-06-29 18:52:11.562037
83	Science fiction	2019-06-29 18:52:11.56876
84	Classic	2019-06-29 18:52:11.699822
85	Science fiction	2019-06-29 18:52:11.707554
86	Humor	2019-06-29 18:52:11.795242
87	Short story	2019-06-29 18:52:11.807128
88	Metafiction	2019-06-29 18:52:11.873802
89	Classic	2019-06-29 18:52:11.880224
90	Narrative nonfiction	2019-06-29 18:52:11.886432
91	Crime/Detective	2019-06-29 18:52:11.944673
92	Realistic fiction	2019-06-29 18:52:11.959352
93	Comic/Graphic Novel	2019-06-29 18:52:12.016382
94	Fantasy	2019-06-29 18:52:12.081566
95	Speech	2019-06-29 18:52:12.096824
96	Science fiction	2019-06-29 18:52:12.146724
97	Fairy tale	2019-06-29 18:52:12.204827
98	Fanfiction	2019-06-29 18:52:12.209666
99	Fiction in verse	2019-06-29 18:52:12.214814
100	Narrative nonfiction	2019-06-29 18:52:12.294785
101	Reference book	2019-06-29 18:52:12.34572
102	Mythopoeia	2019-06-29 18:52:12.351803
103	Reference book	2019-06-29 18:52:12.362544
104	Western	2019-06-29 18:52:12.410354
105	Horror	2019-06-29 18:52:12.415888
106	Historical fiction	2019-06-29 18:52:12.482842
107	Historical fiction	2019-06-29 18:52:12.647102
108	Fanfiction	2019-06-29 18:52:12.710075
109	Fairy tale	2019-06-29 18:52:12.715634
110	Essay	2019-06-29 18:52:12.795501
111	Historical fiction	2019-06-29 18:52:12.876395
112	Fable	2019-06-29 18:52:12.931195
113	Narrative nonfiction	2019-06-29 18:52:12.981259
114	Fable	2019-06-29 18:52:12.996159
115	Comic/Graphic Novel	2019-06-29 18:52:13.043245
116	Biography/Autobiography	2019-06-29 18:52:13.061172
117	Textbook	2019-06-29 18:52:13.113626
118	Textbook	2019-06-29 18:52:13.172969
119	Mythology	2019-06-29 18:52:13.18123
120	Fairy tale	2019-06-29 18:52:13.232879
121	Metafiction	2019-06-29 18:52:13.23946
122	Fantasy	2019-06-29 18:52:13.244726
123	Mythopoeia	2019-06-29 18:52:13.251289
124	Short story	2019-06-29 18:52:13.312393
125	Western	2019-06-29 18:52:13.373453
126	Textbook	2019-06-29 18:52:13.379211
127	Fiction in verse	2019-06-29 18:52:13.451104
128	Fantasy	2019-06-29 18:52:13.457754
129	Realistic fiction	2019-06-29 18:52:13.464248
130	Mythopoeia	2019-06-29 18:52:13.52614
131	Historical fiction	2019-06-29 18:52:13.605917
132	Folklore	2019-06-29 18:52:13.689521
133	Reference book	2019-06-29 18:52:13.728573
134	Suspense/Thriller	2019-06-29 18:52:13.736105
135	Essay	2019-06-29 18:52:13.743397
136	Textbook	2019-06-29 18:52:13.750162
137	Legend	2019-06-29 18:52:13.924658
138	Classic	2019-06-29 18:52:13.932203
139	Mythopoeia	2019-06-29 18:52:14.18118
140	Science fiction	2019-06-29 18:52:14.188602
141	Comic/Graphic Novel	2019-06-29 18:52:14.33129
142	Legend	2019-06-29 18:52:14.373689
143	Crime/Detective	2019-06-29 18:52:14.380178
144	Biography/Autobiography	2019-06-29 18:52:14.386979
145	Fable	2019-06-29 18:52:14.394383
146	Humor	2019-06-29 18:52:14.460388
147	Fantasy	2019-06-29 18:52:14.511074
148	Classic	2019-06-29 18:52:14.517085
149	Reference book	2019-06-29 18:52:14.524947
150	Western	2019-06-29 18:52:14.532317
151	Fable	2019-06-29 18:52:14.575473
152	Western	2019-06-29 18:52:14.595569
153	Mythology	2019-06-29 18:52:14.645303
154	Textbook	2019-06-29 18:52:14.651107
155	Fanfiction	2019-06-29 18:52:14.711374
156	Essay	2019-06-29 18:52:14.717439
157	Crime/Detective	2019-06-29 18:52:14.725097
158	Historical fiction	2019-06-29 18:52:14.732896
159	Mythology	2019-06-29 18:52:14.77756
160	Reference book	2019-06-29 18:52:14.809663
161	Narrative nonfiction	2019-06-29 18:52:14.820631
162	Essay	2019-06-29 18:52:14.878568
163	Speech	2019-06-29 18:52:14.887441
164	Horror	2019-06-29 18:52:14.89604
165	Crime/Detective	2019-06-29 18:52:14.973573
166	Crime/Detective	2019-06-29 18:52:15.040873
167	Comic/Graphic Novel	2019-06-29 18:52:15.083628
168	Classic	2019-06-29 18:52:15.089652
169	Comic/Graphic Novel	2019-06-29 18:52:15.11434
170	Fiction narrative	2019-06-29 18:52:15.175804
171	Tall tale	2019-06-29 18:52:15.182351
172	Short story	2019-06-29 18:52:15.189233
173	Fiction narrative	2019-06-29 18:52:15.262482
174	Fable	2019-06-29 18:52:15.364551
175	Science fiction	2019-06-29 18:52:15.382964
176	Horror	2019-06-29 18:52:15.391903
177	Fairy tale	2019-06-29 18:52:15.438796
178	Fanfiction	2019-06-29 18:52:15.447501
179	Science fiction	2019-06-29 18:52:15.507423
180	Fiction in verse	2019-06-29 18:52:15.513286
181	Mythology	2019-06-29 18:52:15.521226
182	Mystery	2019-06-29 18:52:15.528715
183	Fairy tale	2019-06-29 18:52:15.565774
184	Essay	2019-06-29 18:52:15.594889
185	Comic/Graphic Novel	2019-06-29 18:52:15.636309
186	Folklore	2019-06-29 18:52:15.64296
187	Crime/Detective	2019-06-29 18:52:15.65284
188	Tall tale	2019-06-29 18:52:15.659508
189	Mystery	2019-06-29 18:52:15.720072
190	Western	2019-06-29 18:52:15.725615
191	Short story	2019-06-29 18:52:15.739356
192	Fairy tale	2019-06-29 18:52:15.803919
193	Humor	2019-06-29 18:52:15.810091
194	Textbook	2019-06-29 18:52:15.815891
195	Mystery	2019-06-29 18:52:15.943045
196	Comic/Graphic Novel	2019-06-29 18:52:15.948739
197	Legend	2019-06-29 18:52:15.958379
198	Folklore	2019-06-29 18:52:15.967507
199	Fiction narrative	2019-06-29 18:52:16.015157
200	Mythopoeia	2019-06-29 18:52:16.03006
201	Western	2019-06-29 18:52:16.171746
202	Narrative nonfiction	2019-06-29 18:52:16.195158
203	Legend	2019-06-29 18:52:16.358095
204	Fiction narrative	2019-06-29 18:52:16.44151
205	Historical fiction	2019-06-29 18:52:16.560166
206	Suspense/Thriller	2019-06-29 18:52:16.578992
207	Fantasy	2019-06-29 18:52:16.632332
208	Comic/Graphic Novel	2019-06-29 18:52:16.639545
209	Biography/Autobiography	2019-06-29 18:52:16.646916
210	Tall tale	2019-06-29 18:52:16.738973
211	Fairy tale	2019-06-29 18:52:16.746197
212	Classic	2019-06-29 18:52:16.811552
213	Narrative nonfiction	2019-06-29 18:52:16.8608
214	Western	2019-06-29 18:52:16.887187
\.


--
-- Data for Name: books_genres; Type: TABLE DATA; Schema: public; Owner: pgw
--

COPY public.books_genres (id, book_id, genre_id) FROM stdin;
1	1	1
2	1	2
3	1	3
4	1	4
5	3	5
6	3	6
7	3	7
8	3	8
9	4	9
10	4	10
11	4	11
12	4	12
13	5	13
14	5	14
15	5	15
16	5	16
17	5	17
18	6	18
19	6	19
20	7	20
21	7	21
22	7	22
23	7	23
24	8	24
25	8	25
26	8	26
27	8	27
28	8	28
29	9	29
30	10	30
31	10	31
32	10	32
33	10	33
34	11	34
35	11	35
36	11	36
37	11	37
38	12	38
39	12	39
40	12	40
41	13	41
42	13	42
43	13	43
44	13	44
45	13	45
46	15	46
47	15	47
48	15	48
49	15	49
50	16	50
51	16	51
52	16	52
53	16	53
54	17	54
55	17	55
56	17	56
57	17	57
58	17	58
59	18	59
60	19	60
61	22	61
62	22	62
63	22	63
64	23	64
65	23	65
66	23	66
67	23	67
68	24	68
69	24	69
70	25	70
71	25	71
72	25	72
73	25	73
74	27	74
75	27	75
76	27	76
77	27	77
78	27	78
79	28	79
80	28	80
81	28	81
82	29	82
83	29	83
84	30	84
85	30	85
86	30	86
87	30	87
88	31	88
89	31	89
90	31	90
91	32	91
92	33	92
93	33	93
94	34	94
95	35	95
96	36	96
97	37	97
98	37	98
99	37	99
100	38	100
101	38	101
102	38	102
103	39	103
104	40	104
105	40	105
106	41	106
107	44	107
108	45	108
109	45	109
110	46	110
111	47	111
112	47	112
113	48	113
114	50	114
115	50	115
116	51	116
117	52	117
118	53	118
119	54	119
120	55	120
121	55	121
122	55	122
123	55	123
124	56	124
125	58	125
126	58	126
127	60	127
128	60	128
129	60	129
130	61	130
131	62	131
132	64	132
133	64	133
134	64	134
135	64	135
136	64	136
137	65	137
138	65	138
139	66	139
140	66	140
141	69	141
142	69	142
143	69	143
144	69	144
145	69	145
146	70	146
147	71	147
148	71	148
149	71	149
150	71	150
151	71	151
152	72	152
153	74	153
154	74	154
155	75	155
156	75	156
157	75	157
158	75	158
159	75	159
160	76	160
161	76	161
162	76	162
163	76	163
164	76	164
165	77	165
166	78	166
167	78	167
168	78	168
169	79	169
170	79	170
171	79	171
172	79	172
173	80	173
174	81	174
175	82	175
176	82	176
177	82	177
178	82	178
179	83	179
180	83	180
181	83	181
182	83	182
183	83	183
184	84	184
185	84	185
186	84	186
187	85	187
188	85	188
189	85	189
190	85	190
191	86	191
192	86	192
193	86	193
194	86	194
195	88	195
196	88	196
197	88	197
198	88	198
199	88	199
200	89	200
201	91	201
202	92	202
203	93	203
204	94	204
205	96	205
206	97	206
207	97	207
208	97	208
209	97	209
210	98	210
211	98	211
212	99	212
213	99	213
214	100	214
\.


--
-- Data for Name: editions_shelves; Type: TABLE DATA; Schema: public; Owner: pgw
--

COPY public.editions_shelves (id, edition_id, shelf_id, "position") FROM stdin;
1571	49	4	1
1572	145	4	2
1573	187	4	3
1574	90	4	4
1575	116	4	5
1576	37	4	6
1577	222	4	7
1578	104	38	1
1579	67	38	2
1580	63	38	3
1581	198	38	4
1582	141	38	5
1583	256	38	6
1584	245	38	7
1585	49	38	8
1586	81	38	9
1587	52	38	10
1588	255	38	11
1589	215	38	12
1590	206	38	13
1591	227	38	14
1592	217	38	15
1593	100	38	16
1594	153	38	17
1595	209	38	18
1596	131	38	19
1597	142	38	20
1598	13	38	21
1599	86	38	22
1600	148	38	24
1601	26	38	25
1602	238	38	26
1603	246	38	28
1604	71	38	29
1605	42	38	30
1606	205	38	31
1607	233	38	32
1608	49	30	1
1609	214	30	2
1610	219	30	3
1611	55	30	4
1612	174	30	5
1613	221	30	6
1614	154	30	7
1615	32	30	8
1616	230	30	9
1617	34	30	10
1618	4	30	11
1619	215	30	12
1620	27	30	13
1621	195	30	14
1622	256	30	16
1623	152	30	17
1624	42	30	18
1625	236	30	19
1626	2	39	1
1627	141	39	2
1628	252	39	3
1629	73	39	4
1630	60	39	5
1631	80	39	6
1632	256	39	7
1633	166	39	8
1634	163	39	9
1635	63	39	10
1636	74	39	11
1637	223	39	12
1638	55	26	1
1639	199	26	2
1640	7	26	3
1641	31	26	4
1642	22	26	5
1643	86	26	6
1644	205	26	7
1645	13	26	8
1646	190	26	9
1647	208	26	10
1648	209	26	11
1649	214	26	12
1650	29	26	13
1651	103	26	15
1652	74	26	16
1653	148	26	17
1654	21	26	18
1655	121	26	19
1656	42	26	21
1657	145	26	22
1658	56	26	23
1659	176	26	24
1660	206	26	25
1661	146	26	27
1662	106	26	28
1663	137	26	29
1664	6	26	30
1665	164	26	32
1666	239	26	33
1667	68	26	34
1668	8	26	36
1669	24	26	37
1670	152	26	38
1671	54	26	39
1672	21	41	1
1673	187	41	2
1674	160	41	3
1675	237	41	4
1676	29	41	5
1677	54	41	6
1678	89	41	7
1679	233	41	8
1680	86	41	9
1681	246	41	10
1682	42	41	12
1683	1	41	13
1684	116	41	14
1685	112	41	15
1686	100	41	16
1687	206	41	17
1688	137	41	18
1689	136	41	19
1690	238	41	21
1691	12	41	22
1692	236	41	23
1693	172	41	25
1694	98	41	26
1695	124	41	27
1696	8	41	28
1697	153	41	29
1698	205	41	30
1699	71	41	31
1700	51	41	32
1701	6	41	33
1702	195	41	34
1703	99	25	1
1704	13	25	2
1705	213	25	3
1706	14	54	1
1707	188	54	2
1708	16	54	3
1709	13	54	4
1710	73	54	5
1711	255	54	6
1712	38	54	7
1713	210	54	8
1714	173	54	10
1715	206	54	11
1716	258	54	13
1717	85	54	14
1718	51	54	15
1719	201	54	16
1720	64	54	17
1721	96	54	18
1722	164	54	19
1723	160	54	20
1724	214	54	21
1725	171	54	22
1726	152	54	23
1727	153	45	1
1728	211	45	2
1729	253	15	1
1730	66	15	2
1731	212	15	3
1732	139	15	4
1733	162	15	5
1734	13	15	6
1735	185	15	7
1736	137	15	8
1737	235	15	9
1738	209	15	10
1739	234	15	11
1740	60	15	12
1741	167	15	13
1742	257	15	14
1743	111	15	15
1744	8	15	16
1745	84	15	17
1746	191	15	18
1747	197	15	19
1748	181	15	20
1749	240	15	21
1750	38	15	23
1751	106	15	24
1752	210	15	25
1753	29	15	26
1754	118	15	27
1755	98	15	28
1756	117	15	29
1757	7	53	1
1758	150	53	2
1759	102	53	3
1760	83	53	4
1761	238	53	5
1762	251	53	6
1763	125	53	7
1764	171	53	8
1765	58	53	9
1766	247	53	10
1767	195	53	11
1768	239	53	12
1769	222	53	13
1770	98	53	14
1771	85	53	15
1772	153	53	16
1773	185	53	17
1774	155	53	18
1775	71	53	19
1776	142	53	20
1777	43	53	21
1778	106	53	23
1779	154	53	24
1780	252	53	25
1781	130	53	26
1782	152	53	27
1783	163	53	28
1784	42	53	29
1785	74	53	31
1786	212	53	32
1787	166	53	33
1788	97	53	34
1789	205	53	35
1790	253	53	36
1791	1	27	1
1792	67	27	2
1793	136	27	3
1794	58	27	4
1795	190	27	5
1796	124	27	6
1797	139	27	7
1798	252	27	8
1799	189	27	9
1800	210	27	10
1801	118	27	11
1802	126	27	12
1803	10	27	13
1804	167	27	14
1805	166	27	15
1806	194	27	16
1807	123	27	18
1808	26	27	19
1809	110	27	20
1810	234	27	21
1811	14	27	22
1812	23	27	23
1813	202	27	24
1814	47	27	25
1815	106	27	26
1816	242	50	1
1817	8	50	2
1818	86	50	3
1819	171	50	4
1820	56	50	5
1821	181	50	6
1822	191	50	7
1823	118	50	8
1824	203	50	9
1825	65	50	10
1826	68	50	11
1827	4	50	12
1828	178	50	13
1829	46	50	14
1830	112	50	15
1831	14	50	16
1832	27	50	17
1833	238	50	18
1834	244	50	19
1835	155	50	21
1836	7	50	22
1837	97	50	23
1838	152	50	24
1839	157	50	27
1840	94	50	28
1841	253	50	29
1842	85	50	31
1843	153	50	33
1844	193	50	34
1845	254	50	35
1846	15	50	36
1847	175	76	1
1848	221	76	2
1849	86	76	3
1850	171	76	4
1851	238	76	5
1852	15	76	6
1853	139	76	7
1854	187	76	8
1855	228	76	9
1856	24	76	10
1857	226	76	11
1858	67	76	12
1859	240	76	13
1860	251	76	14
1861	93	76	15
1862	99	76	16
1863	110	76	18
1864	239	76	19
1865	142	76	20
1866	5	76	21
1867	172	76	22
1868	208	76	23
1869	133	76	24
1870	43	76	25
1871	256	76	26
1872	245	76	27
1873	194	76	28
1874	121	76	29
1875	188	76	30
1876	96	76	32
1877	100	76	33
1878	139	58	1
1879	26	58	2
1880	160	58	3
1881	65	58	4
1882	31	58	5
1883	126	58	6
1884	257	58	7
1885	90	58	8
1886	125	58	9
1887	229	58	10
1888	215	58	11
1889	37	58	12
1890	188	58	13
1891	55	58	14
1892	43	58	15
1893	94	58	16
1894	10	58	17
1895	193	58	18
1896	234	58	19
1897	117	58	20
1898	9	58	21
1899	176	58	22
1900	57	58	24
1901	252	58	25
1902	203	58	26
1903	248	58	27
1904	32	58	28
1905	208	58	29
1906	111	58	30
1907	68	58	31
1908	13	58	32
1909	66	82	1
1910	233	82	2
1911	170	82	3
1912	157	82	4
1913	87	82	5
1914	195	82	6
1915	194	82	7
1916	22	82	8
1917	241	82	9
1918	209	82	10
1919	181	82	11
1920	21	82	12
1921	173	82	13
1922	86	82	14
1923	26	82	15
1924	179	82	16
1925	222	82	17
1926	52	82	18
1927	104	82	19
1928	210	82	20
1929	205	82	21
1930	93	82	23
1931	240	82	25
1932	172	82	26
1933	58	82	27
1934	99	82	28
1935	51	82	29
1936	243	82	31
1937	190	82	32
1938	122	82	33
1939	125	82	34
1940	62	82	35
1941	27	82	36
1942	138	82	37
1943	174	82	38
1944	136	82	39
1945	171	82	40
1946	61	37	1
1947	36	37	2
1948	199	37	3
1949	148	37	4
1950	49	37	5
1951	208	37	6
1952	85	37	7
1953	163	37	8
1954	34	37	9
1955	158	37	10
1956	213	37	11
1957	210	37	12
1958	31	37	13
1959	112	37	14
1960	245	37	15
1961	117	37	16
1962	239	37	17
1963	73	37	18
1964	160	37	19
1965	175	37	23
1966	229	37	24
1967	123	37	25
1968	219	37	26
1969	246	37	27
1970	227	37	28
1971	212	37	29
1972	1	37	30
1973	170	37	31
1974	151	24	1
1975	9	24	2
1976	202	24	3
1977	241	24	4
1978	102	24	5
1979	62	24	6
1980	229	24	7
1981	41	24	8
1982	124	24	9
1983	104	24	10
1984	141	24	11
1985	36	24	12
1986	236	24	13
1987	146	24	14
1988	211	24	15
1989	31	24	16
1990	58	24	17
1991	27	83	1
1992	71	83	2
1993	54	83	3
1994	32	83	4
1995	103	83	5
1996	5	83	6
1997	128	83	7
1998	133	83	8
1999	150	83	9
2000	86	83	10
2001	254	83	11
2002	2	83	12
2003	85	83	13
2004	44	83	14
2005	129	83	15
2006	163	83	16
2007	214	83	18
2008	188	83	19
2009	205	83	20
2010	130	83	21
2011	45	83	22
2012	198	83	23
2013	159	83	24
2014	71	46	1
2015	16	46	2
2016	190	46	3
2017	249	46	4
2018	123	46	5
2019	188	46	6
2020	74	46	7
2021	84	46	8
2022	4	46	9
2023	1	46	10
2024	166	46	11
2025	171	46	12
2026	18	46	13
2027	5	46	14
2028	13	46	16
2029	234	46	17
2030	257	46	18
2031	208	6	1
2032	31	6	2
2033	68	6	3
2034	154	6	4
2035	59	6	5
2036	4	6	6
2037	139	6	7
2038	257	6	8
2039	36	6	9
2040	148	6	10
2041	26	6	11
2042	60	6	12
2043	181	6	13
2044	23	6	14
2045	213	6	15
2046	190	6	16
2047	220	6	17
2048	69	6	18
2049	42	6	19
2050	203	6	20
2051	45	6	21
2052	66	6	22
2053	233	6	24
2054	34	6	25
2055	105	6	26
2056	230	6	27
2057	252	6	29
2058	176	6	30
2059	226	6	31
2060	37	6	32
2061	174	6	34
2062	80	16	1
2063	179	16	2
2064	45	16	3
2065	244	16	4
2066	221	16	5
2067	253	16	6
2068	138	16	7
2069	65	16	8
2070	154	16	9
2071	90	16	10
2072	126	16	11
2073	208	16	12
2074	43	16	13
2075	223	16	14
2076	180	16	15
2077	164	16	16
2078	71	16	17
2079	89	16	18
2080	16	16	19
2081	56	16	21
2082	171	16	22
2083	76	16	23
2084	227	16	24
2085	114	16	25
2086	170	16	26
2087	152	16	27
2088	125	19	1
2089	81	19	2
2090	151	19	3
2091	138	19	4
2092	257	19	5
2093	121	19	6
2094	228	19	7
2095	189	19	8
2096	214	19	9
2097	230	19	10
2098	5	19	11
2099	197	19	12
2100	83	19	13
2101	51	19	14
2102	48	19	15
2103	155	19	16
2104	34	19	17
2105	184	19	18
2106	15	19	19
2107	52	19	20
2108	251	19	21
2109	88	19	22
2110	12	19	23
2111	9	19	24
2112	105	19	25
2113	68	19	26
2114	14	19	27
2115	7	19	28
2116	252	19	29
2117	8	22	1
2118	32	22	2
2119	215	22	3
2120	43	22	4
2121	13	22	5
2122	122	22	6
2123	16	22	7
2124	237	22	8
2125	85	22	9
2126	166	22	11
2127	34	22	12
2128	52	22	13
2129	102	22	14
2130	12	22	15
2131	238	22	16
2132	86	22	17
2133	223	22	18
2134	48	22	19
2135	96	22	21
2136	4	22	22
2137	124	22	24
2138	179	22	25
2139	203	22	26
2140	240	22	28
2141	178	22	29
2142	68	22	30
2143	231	22	31
2144	158	22	32
2145	247	22	33
2146	202	22	34
2147	63	22	35
2148	55	48	1
2149	242	48	2
2150	253	48	3
2151	244	48	4
2152	222	48	5
2153	112	48	6
2154	141	48	7
2155	139	48	8
2156	57	48	9
2157	88	48	10
2158	153	48	11
2159	62	48	12
2160	125	48	13
2161	122	48	14
2162	65	48	15
2163	24	48	16
2164	190	48	17
2165	163	48	18
2166	10	48	19
2167	174	48	21
2168	155	48	22
2169	167	48	23
2170	121	48	24
2171	194	48	25
2172	78	48	26
2173	206	48	27
2174	247	48	28
2175	49	48	29
2176	179	48	30
2177	130	48	32
2178	41	44	1
2179	214	44	2
2180	56	44	3
2181	23	44	4
2182	36	11	1
2183	219	11	2
2184	91	11	3
2185	26	11	4
2186	118	11	5
2187	100	11	6
2188	114	11	7
2189	12	11	8
2190	153	11	9
2191	157	11	10
2192	21	11	11
2193	184	11	12
2194	103	11	13
2195	69	11	14
2196	228	11	15
2197	256	11	16
2198	2	11	17
2199	213	11	18
2200	13	11	19
2201	221	11	20
2202	73	11	21
2203	183	11	22
2204	212	11	23
2205	237	11	24
2206	58	29	1
2207	137	29	2
2208	159	62	1
2209	141	62	2
2210	166	62	3
2211	21	62	4
2212	172	62	5
2213	94	62	6
2214	170	62	7
2215	57	62	8
2216	234	62	9
2217	59	62	10
2218	128	62	11
2219	175	62	12
2220	185	62	13
2221	139	62	14
2222	202	62	15
2223	176	62	16
2224	6	62	17
2225	64	62	18
2226	36	62	20
2227	213	62	21
2228	99	62	22
2229	205	62	23
2230	80	62	24
2231	87	62	25
2232	158	62	26
2233	90	62	27
2234	130	62	28
2235	67	62	29
2236	66	62	30
2237	252	17	1
2238	231	17	2
2239	14	17	3
2240	117	17	4
2241	18	17	5
2242	257	17	6
2243	81	17	7
2244	6	17	8
2245	88	17	9
2246	112	17	10
2247	248	17	11
2248	230	17	12
2249	162	17	13
2250	44	17	14
2251	62	17	15
2252	196	17	16
2253	11	17	17
2254	170	17	18
2255	145	17	19
2256	229	17	20
2257	211	17	21
2258	151	17	22
2259	90	17	23
2260	113	17	24
2261	51	17	25
2262	104	8	1
2263	98	8	2
2264	44	8	3
2265	189	8	4
2266	217	8	5
2267	139	8	6
2268	153	8	7
2269	81	8	8
2270	228	8	9
2271	142	8	10
2272	256	8	11
2273	138	8	12
2274	14	8	13
2275	206	8	14
2276	221	8	15
2277	25	8	16
2278	223	8	17
2279	157	8	18
2280	116	8	19
2281	102	8	20
2282	84	8	21
2283	73	8	22
2284	78	8	23
2285	219	8	24
2286	2	8	25
2287	253	8	26
2288	41	8	27
2289	187	8	28
2290	113	8	29
2291	9	8	31
2292	100	8	32
2293	7	8	33
2294	56	8	34
2295	241	8	35
2296	103	8	36
2297	133	59	1
2298	196	59	2
2299	219	59	3
2300	193	59	4
2301	234	59	5
2302	254	59	6
2303	252	59	8
2304	126	59	9
2305	1	59	10
2306	106	59	11
2307	83	59	12
2308	48	59	13
2309	155	59	14
2310	11	59	15
2311	230	59	16
2312	68	59	17
2313	203	59	18
2314	210	59	20
2315	171	59	21
2316	77	59	22
2317	188	59	23
2318	157	59	24
2319	175	59	25
2320	66	59	26
2321	238	59	27
2322	51	3	1
2323	145	3	2
2324	152	3	3
2325	203	3	4
2326	155	3	5
2327	66	3	6
2328	103	3	7
2329	229	3	8
2330	239	3	10
2331	32	3	12
2332	195	3	13
2333	85	3	14
2334	89	3	15
2335	180	3	16
2336	57	3	17
2337	97	3	18
2338	226	3	20
2339	27	3	22
2340	142	3	23
2341	222	3	24
2342	45	3	25
2343	76	3	26
2344	2	3	27
2345	102	3	28
2346	157	3	29
2347	83	3	30
2348	197	3	31
2349	163	3	32
2350	221	3	33
2351	247	3	34
2352	254	3	35
2353	29	3	36
2354	94	3	37
2355	41	3	38
2356	157	85	1
2357	81	85	2
2358	257	85	3
2359	4	85	4
2360	22	85	5
2361	15	85	6
2362	26	85	7
2363	244	85	8
2364	130	85	9
2365	45	85	10
2366	167	85	11
2367	193	85	12
2368	234	85	13
2369	69	85	14
2370	63	85	15
2371	46	85	16
2372	133	85	17
2373	29	85	18
2374	233	85	19
2375	66	85	20
2376	215	85	21
2377	242	85	22
2378	9	85	23
2379	43	85	24
2380	37	85	25
2381	118	85	26
2382	187	85	27
2383	126	85	28
2384	178	85	29
2385	185	85	30
2386	255	85	32
2387	71	85	33
2388	191	85	35
2389	138	32	1
2390	163	32	2
2391	185	32	3
2392	136	32	4
2393	236	32	5
2394	238	32	6
2395	59	32	7
2396	100	32	8
2397	41	32	9
2398	234	32	10
2399	5	32	11
2400	66	32	12
2401	162	32	13
2402	166	18	1
2403	89	18	2
2404	142	18	3
2405	15	18	4
2406	189	18	5
2407	49	18	6
2408	190	18	7
2409	71	18	8
2410	124	18	9
2411	77	18	10
2412	103	18	11
2413	51	18	13
2414	13	18	14
2415	138	18	15
2416	185	18	16
2417	206	18	17
2418	157	18	18
2419	144	18	19
2420	187	18	20
2421	66	18	21
2422	54	18	22
2423	245	18	23
2424	27	18	24
2425	29	18	25
2426	172	18	26
2427	94	18	27
2428	251	18	28
2429	45	18	30
2430	59	18	31
2431	242	18	32
2432	153	52	1
2433	248	52	2
2434	214	52	3
2435	203	52	4
2436	56	52	5
2437	37	60	1
2438	122	60	2
2439	243	60	3
2440	173	60	4
2441	126	60	5
2442	31	60	6
2443	44	60	7
2444	206	60	8
2445	254	60	9
2446	242	60	10
2447	167	51	1
2448	88	51	3
2449	160	51	4
2450	245	51	5
2451	110	51	6
2452	221	51	7
2453	236	51	8
2454	2	51	9
2455	252	51	10
2456	163	51	11
2457	181	51	12
2458	152	51	13
2459	138	51	14
2460	184	51	15
2461	246	51	16
2462	67	81	1
2463	241	81	2
2464	37	81	3
2465	23	81	4
2466	208	81	5
2467	47	81	6
2468	73	81	7
2469	34	81	8
2470	16	13	1
2471	184	13	2
2472	188	13	3
2473	234	13	4
2474	93	13	5
2475	249	13	6
2476	246	13	7
2477	160	13	8
2478	253	13	9
2479	258	10	1
2480	133	10	2
2481	223	10	3
2482	209	10	4
2483	71	10	5
2484	254	10	6
2485	7	10	7
2486	214	10	8
2487	46	10	9
2488	241	10	10
2489	171	10	11
2490	178	10	12
2491	166	10	13
2492	113	10	14
2493	76	10	15
2494	105	10	16
2495	249	10	17
2496	114	10	18
2497	158	10	19
2498	167	10	20
2499	202	10	21
2500	52	10	22
2501	55	10	23
2502	51	10	24
2503	242	10	25
2504	62	1	1
2505	1	1	2
2506	118	1	3
2507	172	35	1
2508	121	35	2
2509	25	35	3
2510	208	35	4
2511	220	35	5
2512	24	35	6
2513	184	35	7
2514	164	35	8
2515	45	35	9
2516	190	35	10
2517	4	35	11
2518	222	35	12
2519	99	35	14
2520	156	35	15
2521	124	35	16
2522	65	35	17
2523	188	35	18
2524	152	35	19
2525	42	35	20
2526	252	70	1
2527	118	70	2
2528	196	70	3
2529	98	70	4
2530	170	70	5
2531	73	70	6
2532	243	70	7
2533	253	70	8
2534	237	5	1
2535	212	5	2
2536	156	5	3
2537	244	5	4
2538	129	5	5
2539	2	5	6
2540	227	66	1
2541	246	66	2
2542	74	64	1
2543	112	64	2
2544	237	64	3
2545	68	64	4
2546	170	64	5
2547	105	64	6
2548	125	64	7
2549	235	64	8
2550	47	64	9
2551	116	64	10
2552	153	64	11
2553	100	64	12
2554	243	64	13
2555	66	64	14
2556	226	64	15
2557	158	64	16
2558	98	64	17
2559	124	64	18
2560	114	64	20
2561	52	64	21
2562	73	64	22
2563	24	64	23
2564	240	64	25
2565	195	64	26
2566	22	64	27
2567	201	64	28
2568	4	64	29
2569	137	64	30
2570	31	64	31
2571	97	64	32
2572	205	64	33
2573	5	64	34
2574	170	79	1
2575	67	79	2
2576	206	79	3
2577	174	79	4
2578	229	79	5
2579	94	79	6
2580	60	79	7
2581	248	79	8
2582	215	79	9
2583	49	79	10
2584	231	79	11
2585	137	79	12
2586	212	79	14
2587	59	79	15
2588	209	79	16
2589	151	79	17
2590	249	79	18
2591	163	79	19
2592	37	79	20
2593	211	79	21
2594	233	79	22
2595	146	79	23
2596	120	79	24
2597	217	79	26
2598	85	79	27
2599	23	79	28
2600	9	79	29
2601	99	79	30
2602	189	57	1
2603	78	57	2
2604	210	57	3
2605	166	57	4
2606	65	57	5
2607	120	57	6
2608	76	57	7
2609	102	57	8
2610	1	57	9
2611	171	57	10
2612	255	57	11
2613	258	57	13
2614	71	57	14
2615	156	57	15
2616	254	57	16
2617	124	57	17
2618	68	57	18
2619	137	57	19
2620	202	65	1
2621	67	65	2
2622	211	65	3
2623	179	65	4
2624	226	65	5
2625	73	65	6
2626	100	65	7
2627	52	65	8
2628	201	65	9
2629	69	12	1
2630	57	12	2
2631	191	12	3
2632	195	12	4
2633	253	12	5
2634	6	12	6
2635	21	12	7
2636	26	12	8
2637	97	12	9
2638	221	12	10
2639	38	12	11
2640	247	12	12
2641	189	12	13
2642	80	12	14
2643	215	12	15
2644	36	12	16
2645	126	12	17
2646	210	12	18
2647	45	12	19
2648	83	12	20
2649	185	33	1
2650	59	33	2
2651	156	33	3
2652	255	33	4
2653	202	33	5
2654	18	33	6
2655	103	33	7
2656	164	33	8
2657	83	33	9
2658	8	33	10
2659	163	49	1
2660	44	49	2
2661	85	49	3
2662	130	49	4
2663	62	49	5
2664	21	49	6
2665	220	49	7
2666	78	49	8
2667	214	49	9
2668	121	49	10
2669	67	49	11
2670	159	49	13
2671	202	49	14
2672	69	49	15
2673	80	49	16
2674	129	49	17
2675	145	49	18
2676	110	49	19
2677	48	49	20
2678	215	49	22
2679	46	49	23
2680	133	49	24
2681	52	49	25
2682	86	49	27
2683	139	49	28
2684	238	49	29
2685	102	49	30
2686	256	49	31
2687	5	49	32
2688	237	49	33
2689	114	49	34
2690	59	49	35
2691	170	72	1
2692	77	72	2
2693	67	72	3
2694	96	72	4
2695	188	72	5
2696	239	72	6
2697	238	72	7
2698	126	72	8
2699	230	72	9
2700	231	72	10
2701	243	72	11
2702	248	72	13
2703	228	72	14
2704	234	72	15
2705	85	72	16
2706	46	72	17
2707	172	72	18
2708	57	72	19
2709	131	72	20
2710	4	72	21
2711	106	72	22
2712	255	72	23
2713	124	72	24
2714	176	72	25
2715	61	72	27
2716	187	72	28
2717	18	72	29
2718	43	72	30
2719	62	72	32
2720	166	84	1
2721	11	84	2
2722	25	84	3
2723	57	84	4
2724	46	84	5
2725	156	84	6
2726	138	84	7
2727	14	84	8
2728	252	84	9
2729	170	84	11
2730	244	84	12
2731	213	84	13
2732	129	84	14
2733	12	84	15
2734	257	84	16
2735	42	84	17
2736	159	84	18
2737	32	84	19
2738	128	84	20
2739	94	84	21
2740	113	84	22
2741	167	84	23
2742	27	84	24
2743	80	84	25
2744	139	84	26
2745	9	84	27
2746	24	84	28
2747	8	84	29
2748	176	84	30
2749	106	84	31
2750	66	84	32
2751	60	84	34
2752	245	84	35
2753	252	9	1
2754	156	9	2
2755	240	9	3
2756	221	9	4
2757	220	9	5
2758	211	9	7
2759	100	9	8
2760	247	9	9
2761	180	9	11
2762	163	9	12
2763	203	9	13
2764	153	9	14
2765	69	9	15
2766	65	9	16
2767	22	9	17
2768	205	9	18
2769	175	9	19
2770	206	9	20
2771	201	9	21
2772	245	9	22
2773	4	9	23
2774	98	40	1
2775	120	40	2
2776	37	40	3
2777	27	40	4
2778	57	40	5
2779	199	40	6
2780	9	40	7
2781	258	40	8
2782	125	40	9
2783	48	40	10
2784	63	40	11
2785	66	40	12
2786	230	40	13
2787	238	40	14
2788	197	40	15
2789	138	40	16
2790	128	40	17
2791	24	40	18
2792	43	40	19
2793	41	40	20
2794	112	40	21
2795	78	40	23
2796	146	40	24
2797	21	40	25
2798	183	40	26
2799	240	40	27
2800	215	40	28
2801	231	40	30
2802	184	40	31
2803	32	40	32
2804	62	40	33
2805	54	40	34
2806	86	40	35
2807	239	2	1
2808	193	2	2
2809	157	80	1
2810	8	80	2
2811	32	80	3
2812	21	80	4
2813	223	80	5
2814	174	80	6
2815	236	80	7
2816	198	80	8
2817	166	80	9
2818	48	80	10
2819	97	80	11
2820	211	80	12
2821	65	80	13
2822	52	80	14
2823	45	80	15
2824	68	80	16
2825	233	80	17
2826	66	80	18
2827	126	80	19
2828	11	80	20
2829	44	80	21
2830	175	80	22
2831	67	80	23
2832	38	80	24
2833	201	80	25
2834	167	80	26
2835	15	80	27
2836	164	80	28
2837	237	80	30
2838	170	80	31
2839	47	80	32
2840	187	75	1
2841	41	75	2
2842	189	75	3
2843	65	75	4
2844	114	75	5
2845	217	75	6
2846	22	75	7
2847	62	75	8
2848	87	75	9
2849	111	75	10
2850	199	75	11
2851	195	75	12
2852	6	75	13
2853	129	75	14
2854	205	75	15
2855	154	75	16
2856	51	75	17
2857	181	75	18
2858	210	75	19
2859	94	75	20
2860	123	42	1
2861	160	42	2
2862	234	42	3
2863	254	42	4
2864	76	42	5
2865	185	42	6
2866	71	42	7
2867	114	71	1
2868	226	71	2
2869	5	71	3
2870	47	71	4
2871	172	71	5
2872	86	71	6
2873	253	71	7
2874	138	71	8
2875	118	71	9
2876	104	71	10
2877	214	71	11
2878	155	71	12
2879	31	71	13
2880	242	71	14
2881	198	71	15
2882	71	71	16
2883	205	71	17
2884	130	71	18
2885	65	71	19
2886	76	71	20
2887	41	71	21
2888	61	71	22
2889	66	71	23
2890	113	71	24
2891	139	71	25
2892	202	71	26
2893	54	71	27
2894	2	71	28
2895	102	71	29
2896	249	71	32
2897	13	77	1
2898	237	77	2
2899	73	77	3
2900	146	77	4
2901	217	77	5
2902	239	77	6
2903	243	77	7
2904	15	77	9
2905	245	77	10
2906	209	77	11
2907	84	77	12
2908	172	77	13
2909	188	77	14
2910	148	77	15
2911	5	77	16
2912	254	77	17
2913	43	77	18
2914	100	77	19
2915	223	77	20
2916	90	77	22
2917	45	77	23
2918	145	23	1
2919	11	23	2
2920	210	23	3
2921	84	23	4
2922	42	23	5
2923	83	23	6
2924	36	23	7
2925	244	23	8
2926	69	23	9
2927	97	23	10
2928	10	74	1
2929	117	74	2
2930	128	74	3
2931	22	74	4
2932	34	74	5
2933	190	74	6
2934	211	74	7
2935	103	74	8
2936	31	74	9
2937	90	74	10
2938	243	74	11
2939	151	74	12
2940	235	74	13
2941	220	74	14
2942	55	74	16
2943	253	74	17
2944	160	74	18
2945	91	74	19
2946	105	74	20
2947	97	74	21
2948	222	74	22
2949	102	31	1
2950	88	20	1
2951	152	20	2
2952	191	20	3
2953	254	20	4
2954	117	20	5
2955	15	20	6
2956	122	20	7
2957	179	20	8
2958	203	20	9
2959	89	20	10
2960	80	20	11
2961	110	20	12
2962	241	20	13
2963	43	20	14
2964	175	20	15
2965	205	20	16
2966	124	20	17
2967	78	20	18
2968	25	20	19
2969	86	20	20
2970	172	20	22
2971	247	20	24
2972	187	20	25
2973	68	20	26
2974	73	20	27
2975	158	20	28
2976	56	20	30
2977	162	20	31
2978	181	20	32
2979	239	20	33
2980	258	20	34
2981	21	20	35
2982	203	68	1
2983	150	68	2
2984	83	68	3
2985	123	68	4
2986	56	68	5
2987	29	68	6
2988	236	68	7
2989	178	68	8
2990	4	68	9
2991	94	68	10
2992	102	68	11
2993	240	68	12
2994	13	68	13
2995	141	68	14
2996	97	68	15
2997	229	68	16
2998	230	68	17
2999	202	68	18
3000	24	68	19
3001	190	68	20
3002	223	68	21
3003	77	68	22
3004	66	68	23
3005	154	68	24
3006	153	68	25
3007	133	67	1
3008	249	67	2
3009	16	67	3
3010	158	67	4
3011	124	67	5
3012	97	67	6
3013	245	67	7
3014	246	67	8
3015	203	67	9
3016	27	67	10
3017	171	67	11
3018	49	67	12
3019	86	67	13
3020	118	67	14
3021	87	67	15
3022	102	67	16
3023	154	67	19
3024	83	67	20
3025	236	67	21
3026	174	67	22
3027	252	67	23
3028	148	67	24
3029	105	67	25
3030	141	67	26
3031	81	67	27
3032	26	67	28
3033	15	67	30
3034	201	67	31
3035	158	61	1
3036	51	61	2
3037	144	61	3
3038	55	61	4
3039	128	61	5
3040	190	61	6
3041	116	61	7
3042	249	61	9
3043	117	61	10
3044	154	61	11
3045	148	61	12
3046	118	61	13
3047	125	61	14
3048	237	61	15
3049	121	61	16
3050	120	61	17
3051	178	61	18
3052	73	61	19
3053	139	61	20
3054	160	61	21
3055	179	61	22
3056	242	61	23
3057	217	61	24
3058	151	61	25
3059	59	61	26
3060	76	61	27
3061	43	61	29
3062	106	61	30
3063	49	61	31
3064	120	69	1
3065	156	69	2
3066	47	69	3
3067	148	69	4
3068	215	69	5
3069	246	69	6
3070	195	69	7
3071	52	69	8
3072	24	69	10
3073	55	63	1
3074	71	63	2
3075	102	63	3
3076	242	63	4
3077	164	63	5
3078	65	63	6
3079	248	63	7
3080	9	63	8
3081	43	28	1
3082	180	28	2
3083	27	28	3
3084	155	28	4
3085	7	28	5
3086	93	28	6
3087	244	28	7
3088	94	28	8
3089	219	28	9
3090	221	28	10
3091	153	28	11
3092	99	28	12
3093	187	28	13
3094	239	28	14
3095	151	28	15
3096	179	28	16
3097	104	28	17
3098	137	28	18
3099	91	28	19
3100	104	34	1
3101	36	34	2
3102	113	34	3
3103	194	34	4
3104	189	34	5
3105	42	34	6
3106	63	34	7
3107	237	34	8
3108	215	34	9
3109	187	34	10
3110	141	34	11
3111	58	34	12
3112	179	34	13
3113	90	34	15
3114	100	34	16
3115	23	34	17
3116	148	34	18
3117	183	34	19
3118	52	34	20
3119	248	34	21
3120	73	34	22
3121	124	34	23
3122	153	34	24
3123	231	34	25
3124	171	34	26
3125	234	34	27
3126	213	34	28
3127	12	34	29
3128	62	34	30
3129	133	34	31
3130	99	34	32
3131	152	34	33
3132	123	34	34
3133	142	34	35
3134	162	34	36
3135	80	34	38
3136	214	43	1
3137	212	43	2
\.


--
-- Data for Name: users; Type: TABLE DATA; Schema: public; Owner: pgw
--

COPY public.users (id, email, created_at) FROM stdin;
1	rolandelittle@bailey.com	2019-06-29 19:01:45.331183
2	tiffiny@haagschmeler.io	2019-06-29 19:01:45.335224
3	bradluettgen@waelchi.biz	2019-06-29 19:01:45.338914
4	imogene@okon.com	2019-06-29 19:01:45.342156
5	tyreeward@mccullough.info	2019-06-29 19:01:45.345116
6	adriene@botsford.info	2019-06-29 19:01:45.34816
7	magan@ruel.co	2019-06-29 19:01:45.375647
8	tim@schultzparisian.io	2019-06-29 19:01:45.37886
9	blaine@hegmann.biz	2019-06-29 19:01:45.382681
10	anjelicahermann@zieme.info	2019-06-29 19:01:45.386802
11	margarthills@bauch.org	2019-06-29 19:01:45.390185
12	billiebednar@grant.io	2019-06-29 19:01:45.39354
13	fredericschmidt@block.info	2019-06-29 19:01:45.396927
14	danelledamore@hansen.co	2019-06-29 19:01:45.453844
15	jonasebert@stroman.name	2019-06-29 19:01:45.457341
16	carlie@hane.info	2019-06-29 19:01:45.461047
17	loreta@kris.info	2019-06-29 19:01:45.46504
18	dextermraz@medhurstjenkins.org	2019-06-29 19:01:45.468569
19	marvastanton@hilll.org	2019-06-29 19:01:45.471745
20	sheila@rodriguez.net	2019-06-29 19:01:45.52685
21	corizboncak@botsfordhilpert.org	2019-06-29 19:01:45.530043
22	sandyschultz@christiansenschroeder.co	2019-06-29 19:01:45.533646
23	deloisquigley@hammes.name	2019-06-29 19:01:45.537774
24	kay@kohler.org	2019-06-29 19:01:45.541831
25	laurencekoepp@mclaughlin.net	2019-06-29 19:01:45.544966
26	vernongrimes@hauck.org	2019-06-29 19:01:45.548528
27	lottieortiz@ankundinglarkin.co	2019-06-29 19:01:45.600411
28	collinthiel@schroeder.co	2019-06-29 19:01:45.603813
29	calebcarter@watsica.biz	2019-06-29 19:01:45.607176
30	clint@hermiston.biz	2019-06-29 19:01:45.611382
31	blakekoepp@schummkunde.com	2019-06-29 19:01:45.615998
32	tomas@feeney.io	2019-06-29 19:01:45.619831
33	bernardinaweinat@schneider.org	2019-06-29 19:01:45.623719
34	darrick@hackett.info	2019-06-29 19:01:45.627467
35	barry@stehr.info	2019-06-29 19:01:45.665991
36	tarra@hoeger.org	2019-06-29 19:01:45.669492
37	sharamcclure@little.biz	2019-06-29 19:01:45.672726
38	willianritchie@fisher.co	2019-06-29 19:01:45.676659
39	guadalupe@white.org	2019-06-29 19:01:45.710155
40	clora@gutmann.name	2019-06-29 19:01:45.713278
41	jae@ohara.io	2019-06-29 19:01:45.716606
42	raeann@hoegeryost.info	2019-06-29 19:01:45.72086
43	shawn@nolan.biz	2019-06-29 19:01:45.724341
44	nelson@bodeheathcote.net	2019-06-29 19:01:45.727523
45	fransiscarunolfsdottir@wilderman.biz	2019-06-29 19:01:45.730928
46	liliankertzmann@lueilwitz.net	2019-06-29 19:01:45.734132
47	leandro@ward.org	2019-06-29 19:01:45.771572
48	willisbaumbach@thielhickle.biz	2019-06-29 19:01:45.77503
49	andrepfannerstill@mosciski.co	2019-06-29 19:01:45.779484
50	henrietta@rempel.net	2019-06-29 19:01:45.783449
51	detrabode@smitham.info	2019-06-29 19:01:45.787269
52	koreyglover@weberschiller.org	2019-06-29 19:01:45.790942
53	lynnebeer@denesiklakin.name	2019-06-29 19:01:45.794353
54	katheryn@bayer.info	2019-06-29 19:01:45.797936
55	bonniebarton@zemlak.com	2019-06-29 19:01:45.801368
56	ruthann@hickleoreilly.net	2019-06-29 19:01:45.857329
57	clarence@hermistonhahn.net	2019-06-29 19:01:45.861348
58	miliamacejkovic@west.name	2019-06-29 19:01:45.864503
59	lorisawayn@nolan.biz	2019-06-29 19:01:45.867702
60	molly@wolf.com	2019-06-29 19:01:45.871088
61	manuel@monahanstreich.io	2019-06-29 19:01:45.874617
62	twyla@ziemann.co	2019-06-29 19:01:45.878082
63	coreenbeatty@hoppe.com	2019-06-29 19:01:45.881632
64	evie@oreillywiegand.org	2019-06-29 19:01:45.885018
65	kaylee@collierrobel.info	2019-06-29 19:01:45.913338
66	everette@ricenicolas.biz	2019-06-29 19:01:45.91687
67	jamey@spinka.co	2019-06-29 19:01:45.920429
68	harleymarvin@mcdermott.biz	2019-06-29 19:01:45.923692
69	cleveland@grady.com	2019-06-29 19:01:45.926755
70	whitneysporer@hayes.io	2019-06-29 19:01:45.929674
71	len@armstrongcollier.name	2019-06-29 19:01:45.932608
72	brittlueilwitz@stiedemannhand.name	2019-06-29 19:01:45.935559
73	cole@breitenberggulgowski.info	2019-06-29 19:01:45.938847
74	sheriebechtelar@connwisoky.name	2019-06-29 19:01:45.942637
75	aurelio@breitenberg.info	2019-06-29 19:01:45.945534
76	israel@hane.co	2019-06-29 19:01:45.948593
77	preciousmante@goyette.co	2019-06-29 19:01:45.951505
78	albertnader@schiller.biz	2019-06-29 19:01:45.980224
79	evette@west.co	2019-06-29 19:01:45.98374
80	allankshlerin@turner.name	2019-06-29 19:01:45.987549
81	artmurphy@bashirian.co	2019-06-29 19:01:45.99102
82	aminawalker@bashirian.org	2019-06-29 19:01:45.994039
83	altonmann@murrayhane.net	2019-06-29 19:01:45.997053
84	brennabins@hand.com	2019-06-29 19:01:45.999898
85	fonda@block.name	2019-06-29 19:01:46.002818
86	donnettacain@feil.name	2019-06-29 19:01:46.005898
87	garyschiller@cummings.io	2019-06-29 19:01:46.009177
88	shelly@beahan.name	2019-06-29 19:01:46.012191
89	edwardwitting@gottlieb.info	2019-06-29 19:01:46.015187
90	trumanherman@cain.io	2019-06-29 19:01:46.049026
91	armandohoeger@labadietromp.name	2019-06-29 19:01:46.051928
92	charley@king.biz	2019-06-29 19:01:46.054613
93	moshegottlieb@durgan.org	2019-06-29 19:01:46.057805
94	silasschuppe@metzpurdy.info	2019-06-29 19:01:46.061379
95	toirice@goodwin.info	2019-06-29 19:01:46.065292
96	frederic@robel.com	2019-06-29 19:01:46.069532
97	caridadcorwin@goldner.com	2019-06-29 19:01:46.072722
98	nidia@green.org	2019-06-29 19:01:46.075741
99	marylandschmitt@hirthe.com	2019-06-29 19:01:46.079274
100	jewellgorczany@moriette.com	2019-06-29 19:01:46.082598
\.


--
-- Data for Name: reviews; Type: TABLE DATA; Schema: public; Owner: pgw
--

COPY public.reviews (id, user_id, edition_id, rating) FROM stdin;
1	31	257	1
2	25	166	3
3	12	202	1
4	78	205	3
5	98	150	1
6	90	12	1
7	36	173	1
8	88	23	3
9	88	253	2
10	35	234	2
11	75	142	4
12	20	109	5
13	97	186	4
14	8	9	3
15	65	236	1
16	12	137	3
17	100	249	0
18	7	72	1
19	85	246	2
20	50	198	1
21	76	192	5
22	42	163	2
23	83	178	5
24	18	155	2
25	3	172	5
26	39	193	5
27	71	11	4
28	45	45	2
29	82	218	4
30	1	106	0
31	67	141	5
32	12	134	0
33	20	182	2
34	98	130	1
35	1	164	2
36	60	88	4
37	44	58	2
38	65	248	5
39	18	191	2
40	43	64	2
41	21	208	5
42	57	38	0
43	31	228	5
44	50	18	4
45	68	154	1
46	44	227	0
47	38	167	5
48	68	118	0
49	88	119	0
50	63	54	0
51	80	34	0
52	87	44	2
53	1	221	4
54	55	185	5
55	26	159	1
56	2	8	1
57	14	90	1
58	38	60	1
59	8	162	0
60	47	4	1
61	71	111	2
62	75	148	0
63	8	67	3
64	12	149	4
65	44	25	0
66	15	114	2
67	62	3	4
68	68	2	4
69	22	121	0
70	26	69	4
71	13	144	1
72	72	59	2
73	80	256	5
74	80	129	0
75	67	255	3
76	47	113	0
77	8	161	0
78	63	43	4
79	62	209	2
80	79	10	4
81	37	116	2
82	79	53	0
83	5	136	5
84	12	123	5
85	55	175	5
86	29	104	3
87	61	206	3
88	83	240	4
89	85	96	1
90	42	239	4
91	1	77	3
92	83	14	1
93	96	50	2
94	48	56	2
95	93	153	0
96	69	131	0
97	19	102	4
98	21	83	2
99	90	27	4
100	74	76	5
101	61	216	4
102	1	139	1
103	1	183	4
104	96	169	0
105	98	40	4
106	93	36	1
107	68	140	5
108	87	171	5
109	65	21	0
110	7	188	1
111	82	124	5
112	64	103	5
113	74	42	1
114	13	201	3
115	21	16	1
116	71	57	3
117	13	226	1
118	14	168	1
119	13	98	3
120	79	66	5
121	85	41	3
122	36	194	3
123	84	107	5
124	62	230	5
125	96	29	2
126	71	120	2
127	20	207	5
128	64	86	2
129	6	184	1
130	83	35	1
131	45	200	4
132	31	100	0
133	3	125	1
134	81	93	1
135	16	225	2
136	68	22	3
137	55	97	2
138	31	158	4
139	21	197	4
140	22	156	1
141	83	223	2
142	73	81	5
143	75	85	1
144	13	91	5
145	82	212	0
146	21	112	2
147	64	177	1
148	78	20	1
149	31	33	2
150	22	17	3
151	65	195	2
152	15	19	5
153	51	210	1
154	26	176	1
155	48	145	4
156	78	127	2
157	39	214	0
158	97	70	5
159	14	235	4
160	1	82	2
161	93	203	4
162	29	233	2
163	97	24	3
164	71	224	5
165	55	247	5
166	21	133	1
167	66	95	3
168	99	232	2
169	8	31	1
170	13	28	3
171	96	143	2
172	65	135	1
173	35	242	3
174	65	165	0
175	25	115	4
176	87	71	5
177	20	84	4
178	20	237	0
179	87	47	0
180	46	151	3
181	22	181	3
182	35	211	1
183	23	252	3
184	99	243	5
185	50	26	1
186	80	245	3
187	5	152	3
188	99	94	4
189	38	1	5
190	6	108	4
191	73	13	4
192	22	146	1
193	37	238	3
194	47	55	0
195	66	78	2
196	19	87	4
197	32	128	4
198	97	68	4
199	89	229	5
200	38	219	2
201	8	187	5
\.


--
-- Data for Name: shelves; Type: TABLE DATA; Schema: public; Owner: pgw
--

COPY public.shelves (id, name, created_at) FROM stdin;
1	Eä	2019-06-29 19:01:46.137835
2	Vista	2019-06-29 19:01:46.141155
3	Helm's Deep	2019-06-29 19:01:46.143717
4	The Forsaken Inn	2019-06-29 19:01:46.146356
5	Andustar	2019-06-29 19:01:46.14911
6	Enchanted Isles	2019-06-29 19:01:46.152072
7	Parth Galen	2019-06-29 19:01:46.182539
8	Aglarond	2019-06-29 19:01:46.185124
9	Vaiya	2019-06-29 19:01:46.187475
10	The Void	2019-06-29 19:01:46.189965
11	Old Ford	2019-06-29 19:01:46.192762
12	The Rivers and Beacon-Hills of Gondor	2019-06-29 19:01:46.196153
13	Regions of the Shire	2019-06-29 19:01:46.199005
14	Eithel Sirion	2019-06-29 19:01:46.201632
15	Sarn Ford	2019-06-29 19:01:46.204378
16	Cirith Ungol	2019-06-29 19:01:46.207341
17	Field of Celebrant	2019-06-29 19:01:46.210035
18	Orthanc	2019-06-29 19:01:46.212465
19	Rath Dínen	2019-06-29 19:01:46.214878
20	Tol Galen	2019-06-29 19:01:46.25573
21	Doriath	2019-06-29 19:01:46.258973
22	Losgar	2019-06-29 19:01:46.262495
23	Taur-en-Faroth	2019-06-29 19:01:46.266166
24	Utumno	2019-06-29 19:01:46.269492
25	Falls of Rauros	2019-06-29 19:01:46.27233
26	Angband	2019-06-29 19:01:46.275254
27	Gap of Rohan	2019-06-29 19:01:46.278555
28	Timeless Halls	2019-06-29 19:01:46.281688
29	Eastfarthing	2019-06-29 19:01:46.33843
30	Dark Land	2019-06-29 19:01:46.341639
31	Paths of the Dead	2019-06-29 19:01:46.344648
32	Endless Stair	2019-06-29 19:01:46.348142
33	Carchost	2019-06-29 19:01:46.351236
34	Coldfells	2019-06-29 19:01:46.354201
35	East Beleriand	2019-06-29 19:01:46.410904
36	Pelennor Fields	2019-06-29 19:01:46.413727
37	Nargothrond	2019-06-29 19:01:46.41682
38	Isengard	2019-06-29 19:01:46.419764
39	Marish	2019-06-29 19:01:46.422839
40	Elostirion	2019-06-29 19:01:46.426009
41	Barad-dûr	2019-06-29 19:01:46.429305
42	Gladden Fields	2019-06-29 19:01:46.463989
43	Warning beacons of Gondor	2019-06-29 19:01:46.477542
44	Hyarnustar	2019-06-29 19:01:46.480641
45	Doors of Durin	2019-06-29 19:01:46.483452
46	Bag End	2019-06-29 19:01:46.486175
47	Fens of Serech	2019-06-29 19:01:46.488988
48	Dol Guldur	2019-06-29 19:01:46.491643
49	Ilmen	2019-06-29 19:01:46.519078
50	Hobbit-hole	2019-06-29 19:01:46.521891
51	Máhanaxar	2019-06-29 19:01:46.524999
52	Argonath	2019-06-29 19:01:46.528927
53	Narchost	2019-06-29 19:01:46.532784
54	Isle of Balar	2019-06-29 19:01:46.536305
55	Tol Brandir	2019-06-29 19:01:46.539242
56	Old Forest	2019-06-29 19:01:46.542334
57	Rivendell	2019-06-29 19:01:46.545409
58	Tol Morwen	2019-06-29 19:01:46.548835
59	Núath	2019-06-29 19:01:46.552615
60	Henneth Annûn	2019-06-29 19:01:46.585937
61	Tol-in-Gaurhoth	2019-06-29 19:01:46.588697
62	Taur-im-Duinath	2019-06-29 19:01:46.591335
63	Lothlorièn	2019-06-29 19:01:46.59431
64	Isenmouthe	2019-06-29 19:01:46.597998
65	Houses of Healing	2019-06-29 19:01:46.601417
66	Dome of Stars	2019-06-29 19:01:46.604411
67	Tumladen	2019-06-29 19:01:46.607492
68	Black Gate	2019-06-29 19:01:46.610662
69	Haven of the Eldar	2019-06-29 19:01:46.613555
70	Bridge of Khazad-dûm	2019-06-29 19:01:46.616356
71	Minhiriath	2019-06-29 19:01:46.647972
72	Crack of Doom	2019-06-29 19:01:46.650529
73	Inn of the Prancing Pony	2019-06-29 19:01:46.653053
74	Aldburg	2019-06-29 19:01:46.655424
75	Maglor's Gap	2019-06-29 19:01:46.65851
76	Minas Tirith	2019-06-29 19:01:46.661639
77	East Road	2019-06-29 19:01:46.664364
78	Greenway	2019-06-29 19:01:46.667279
79	Old Forest Road	2019-06-29 19:01:46.670065
80	Fords of Isen	2019-06-29 19:01:46.673001
81	Meduseld	2019-06-29 19:01:46.675948
82	Luthany	2019-06-29 19:01:46.678809
83	Haudh-en-Nirnaeth	2019-06-29 19:01:46.681763
84	Land of the Sun	2019-06-29 19:01:46.714947
85	Gorgoroth	2019-06-29 19:01:46.721305
\.


--
-- Data for Name: shelves_users; Type: TABLE DATA; Schema: public; Owner: pgw
--

COPY public.shelves_users (id, shelf_id, user_id) FROM stdin;
1	34	66
2	57	97
3	75	12
4	2	49
5	68	49
6	57	49
7	69	49
8	5	38
9	33	38
10	72	38
11	74	70
12	26	4
13	21	68
14	70	67
15	79	67
16	85	67
17	39	67
18	77	44
19	66	30
20	39	30
21	33	92
22	75	92
23	21	92
24	38	26
25	77	80
26	75	65
27	52	22
28	83	22
29	76	22
30	80	22
31	41	91
32	34	91
33	13	33
34	2	33
35	33	33
36	51	99
37	74	99
38	65	99
39	67	99
40	17	73
41	21	79
42	79	79
43	85	57
44	11	23
45	83	74
46	80	9
47	64	9
48	71	9
49	31	2
50	24	2
51	57	35
52	48	35
53	39	35
54	49	37
55	20	42
56	43	56
57	21	46
58	31	16
59	85	43
60	82	31
61	65	27
62	68	24
63	14	1
64	63	10
65	36	72
66	47	64
67	18	76
68	13	8
69	77	8
70	70	8
71	16	8
72	57	52
73	77	29
74	14	53
75	65	82
76	80	82
77	71	82
78	69	78
79	43	36
80	20	7
81	7	17
82	48	17
83	71	90
84	7	48
85	67	48
86	55	48
87	60	71
88	57	39
89	48	39
90	42	39
91	62	39
92	20	77
93	31	58
94	28	62
95	14	62
96	51	62
97	84	62
98	51	40
99	25	5
100	79	98
101	35	87
102	41	63
103	71	28
104	70	28
105	24	28
106	74	28
107	17	93
108	39	93
109	33	25
110	58	75
111	35	20
112	83	15
113	72	19
114	83	50
115	77	50
116	38	3
117	16	83
118	46	83
119	8	83
120	8	45
121	34	45
122	47	45
\.


--
-- Name: authors_books_id_seq; Type: SEQUENCE SET; Schema: public; Owner: pgw
--

SELECT pg_catalog.setval('public.authors_books_id_seq', 241, true);


--
-- Name: authors_editions_id_seq; Type: SEQUENCE SET; Schema: public; Owner: pgw
--

SELECT pg_catalog.setval('public.authors_editions_id_seq', 52, true);


--
-- Name: authors_id_seq; Type: SEQUENCE SET; Schema: public; Owner: pgw
--

SELECT pg_catalog.setval('public.authors_id_seq', 40, true);


--
-- Name: books_genres_id_seq; Type: SEQUENCE SET; Schema: public; Owner: pgw
--

SELECT pg_catalog.setval('public.books_genres_id_seq', 214, true);


--
-- Name: books_id_seq; Type: SEQUENCE SET; Schema: public; Owner: pgw
--

SELECT pg_catalog.setval('public.books_id_seq', 100, true);


--
-- Name: editions_id_seq; Type: SEQUENCE SET; Schema: public; Owner: pgw
--

SELECT pg_catalog.setval('public.editions_id_seq', 259, true);


--
-- Name: editions_shelves_id_seq; Type: SEQUENCE SET; Schema: public; Owner: pgw
--

SELECT pg_catalog.setval('public.editions_shelves_id_seq', 3137, true);


--
-- Name: genres_id_seq; Type: SEQUENCE SET; Schema: public; Owner: pgw
--

SELECT pg_catalog.setval('public.genres_id_seq', 214, true);


--
-- Name: reviews_id_seq; Type: SEQUENCE SET; Schema: public; Owner: pgw
--

SELECT pg_catalog.setval('public.reviews_id_seq', 201, true);


--
-- Name: shelves_id_seq; Type: SEQUENCE SET; Schema: public; Owner: pgw
--

SELECT pg_catalog.setval('public.shelves_id_seq', 85, true);


--
-- Name: shelves_users_id_seq; Type: SEQUENCE SET; Schema: public; Owner: pgw
--

SELECT pg_catalog.setval('public.shelves_users_id_seq', 122, true);


--
-- Name: users_id_seq; Type: SEQUENCE SET; Schema: public; Owner: pgw
--

SELECT pg_catalog.setval('public.users_id_seq', 100, true);


--
-- PostgreSQL database dump complete
--

